"transaction_date","description","amount","account","recipient","sender","category","Month","Year","month_year","category2"
2025-11-01,"跨行費用 − −",-15,"Cathay",NA,NA,"Bank Transfer fees","Nov",2025,"Nov_2025","Other Business Expenses"
2025-11-01,"電子轉出 ８１４房租 (006)0001405765859712
",-32500,"Cathay","814 Landlord",NA,"Rent","Nov",2025,"Nov_2025","Rent"
2025-11-01,"跨行費用 − −",-15,"Cathay",NA,NA,"Bank Transfer fees","Nov",2025,"Nov_2025","Other Business Expenses"
2025-11-01,"電子轉出 ７１６房租 (009)0053458666888700
",-29000,"Cathay","716 Landlord",NA,"Rent","Nov",2025,"Nov_2025","Rent"
2025-11-01,"跨行費用 − −",-15,"Cathay",NA,NA,"Bank Transfer fees","Nov",2025,"Nov_2025","Other Business Expenses"
2025-11-01,"電子轉出 ｅｘｐｅｎｓｅ　 (822)0000241540091956
",-3140,"Cathay","Simon",NA,"Other Business Expenses","Nov",2025,"Nov_2025","Other Business Expenses"
2025-11-01,"跨行費用 − −",-15,"Cathay",NA,NA,"Bank Transfer fees","Nov",2025,"Nov_2025","Other Business Expenses"
2025-11-01,"電子轉出 ｃｌｅａｎｉｎｇ　 (700)0000013131001632
",-17354,"Cathay","Cleaner 1",NA,"Cleaning","Nov",2025,"Nov_2025","Cleaning"
2025-10-28,"跨行費用 − −",-15,"Cathay",NA,NA,"Bank Transfer fees","Oct",2025,"Oct_2025","Other Business Expenses"
2025-10-28,"電子轉出 １７１３ (008)0000129200040033
",-31500,"Cathay","1713 Landlord",NA,"Rent","Oct",2025,"Oct_2025","Rent"
2025-10-22,"跨行費用 − −",-15,"Cathay",NA,NA,"Bank Transfer fees","Oct",2025,"Oct_2025","Other Business Expenses"
2025-10-22,"電子轉出 １６１５ (012)0000704168156410
",-29560,"Cathay","1615 Landlord",NA,"Rent","Oct",2025,"Oct_2025","Rent"
2025-10-21,"信用卡款 − (013)02669613447359587
國＊世華商業銀行信用卡作業部　　　　　　
0000007***029221",-29417,"Cathay",NA,NA,"Credit Card Payments","Oct",2025,"Oct_2025","Unneeded categories"
2025-10-18,"跨行費用 − −",-15,"Cathay",NA,NA,"Bank Transfer fees","Oct",2025,"Oct_2025","Other Business Expenses"
2025-10-18,"電子轉出 ｈａｎｄｙｍａｎ　 (806)0000080221492500
",-1500,"Cathay","Handyman 1",NA,"Maintenance/Repairs/Furniture","Oct",2025,"Oct_2025","Other Business Expenses"
2025-10-13,"跨行費用 − −",-15,"Cathay",NA,NA,"Bank Transfer fees","Oct",2025,"Oct_2025","Other Business Expenses"
2025-10-13,"電子轉出 ｒｅｉｍｂｕｒｓｅ (822)0000241540091956
",-23120,"Cathay","Simon",NA,NA,"Oct",2025,"Oct_2025",NA
2025-10-11,"跨行費用 − −",-15,"Cathay",NA,NA,"Bank Transfer fees","Oct",2025,"Oct_2025","Other Business Expenses"
2025-10-11,"電子轉出 ５１３　Ｒｅｎｔ (009)0053458666888700
",-27560,"Cathay","716 Landlord",NA,"Rent","Oct",2025,"Oct_2025","Rent"
2025-10-10,"跨行轉入 − (012)0000461***093591
",7500,"Cathay",NA,NA,NA,"Oct",2025,"Oct_2025",NA
2025-10-10,"跨行費用 − −",-15,"Cathay",NA,NA,"Bank Transfer fees","Oct",2025,"Oct_2025","Other Business Expenses"
2025-10-10,"電子轉出 − (009)0053459500036600
",-10000,"Cathay","Marty",NA,NA,"Oct",2025,"Oct_2025",NA
2025-10-08,"跨行費用 − −",-15,"Cathay",NA,NA,"Bank Transfer fees","Oct",2025,"Oct_2025","Other Business Expenses"
2025-10-08,"電子轉出 押金 (007)0000010668132820
",-40000,"Cathay","301 Landlord",NA,"Deposit","Oct",2025,"Oct_2025",NA
2025-10-07,"跨行費用 − −",-15,"Cathay",NA,NA,"Bank Transfer fees","Oct",2025,"Oct_2025","Other Business Expenses"
2025-10-07,"電子轉出 ３０１房租 (007)0000010668132820
",-20000,"Cathay","301 Landlord",NA,"Rent","Oct",2025,"Oct_2025","Rent"
2025-10-06,"電子轉出 ｓｈｏｗｅｒ　ｃｕｒｔａｉｎ　 (822)0000241540091956
",-381,"Cathay","Simon",NA,"Maintenance/Repairs/Furniture","Oct",2025,"Oct_2025","Other Business Expenses"
2025-10-04,"跨行費用 − −",-15,"Cathay",NA,NA,"Bank Transfer fees","Oct",2025,"Oct_2025","Other Business Expenses"
2025-10-04,"電子轉出 墊款還款 (822)0000241540091956
",-47000,"Cathay","Simon",NA,"Maintenance/Repairs/Furniture","Oct",2025,"Oct_2025","Other Business Expenses"
2025-10-04,"跨行費用 − −",-15,"Cathay",NA,NA,"Bank Transfer fees","Oct",2025,"Oct_2025","Other Business Expenses"
2025-10-04,"電子轉出 墊款還款 (822)0000241540091956
",-50000,"Cathay","Simon",NA,"Maintenance/Repairs/Furniture","Oct",2025,"Oct_2025","Other Business Expenses"
2025-10-04,"網銀轉帳 − (013)0000270***032358
鄭＊婷　　　　　　　　　　　　　　　　　",73500,"Cathay",NA,"Tina","Capital Reduction","Oct",2025,"Oct_2025","Unneeded categories"
2025-10-03,"跨行費用 − −",-10,"Cathay",NA,NA,"Bank Transfer fees","Oct",2025,"Oct_2025","Other Business Expenses"
2025-10-03,"電子轉出 ｌａｌａｍｏｖｅ (822)0000241540091956
",-525,"Cathay","Simon",NA,"Business Meals","Oct",2025,"Oct_2025","Other Business Expenses"
2025-10-02,"跨行費用 − −",-15,"Cathay",NA,NA,"Bank Transfer fees","Oct",2025,"Oct_2025","Other Business Expenses"
2025-10-02,"電子轉出 網路和佣金 (009)0053459500036600
",-6040,"Cathay","Marty",NA,"Dividend Distribution - Marty","Oct",2025,"Oct_2025","Unneeded categories"
2025-10-01,"電子轉出 熱水器 (009)0056235117948900
",-500,"Cathay",NA,NA,"Maintenance/Repairs/Furniture","Oct",2025,"Oct_2025","Other Business Expenses"
2025-10-01,"跨行費用 − −",-15,"Cathay",NA,NA,"Bank Transfer fees","Oct",2025,"Oct_2025","Other Business Expenses"
2025-10-01,"電子轉出 ７１６　Ｒｅｎｔ (009)0053458666888700
",-29000,"Cathay","716 Landlord",NA,"Rent","Oct",2025,"Oct_2025","Rent"
2025-10-01,"跨行費用 − −",-15,"Cathay",NA,NA,"Bank Transfer fees","Oct",2025,"Oct_2025","Other Business Expenses"
2025-10-01,"電子轉出 ８１４　Ｒｅｎｔ (006)0001405765859712
",-32560,"Cathay","814 Landlord",NA,"Rent","Oct",2025,"Oct_2025","Rent"
2025-09-27,"自行提款 0130VBAJ −",-19000,"Cathay",NA,NA,"Other Business Expenses","Sep",2025,"Sep_2025","Other Business Expenses"
2025-09-24,"跨行費用 − −",-15,"Cathay",NA,NA,"Bank Transfer fees","Sep",2025,"Sep_2025","Other Business Expenses"
2025-09-24,"電子轉出 １７１３ (008)0000129200040033
",-31500,"Cathay","1713 Landlord",NA,"Rent","Sep",2025,"Sep_2025","Rent"
2025-09-23,"信用卡款 國泰世華商業銀行信用卡作業部 (013)02669613447359587
國＊世華商業銀行信用卡作業部
0000007***029221",-6329,"Cathay",NA,NA,"Credit Card Payments","Sep",2025,"Sep_2025","Unneeded categories"
2025-09-22,"跨行費用 − −",-15,"Cathay",NA,NA,"Bank Transfer fees","Sep",2025,"Sep_2025","Other Business Expenses"
2025-09-22,"電子轉出 １６１５ (012)0000704168156410
",-29560,"Cathay","1615 Landlord",NA,"Rent","Sep",2025,"Sep_2025","Rent"
2025-09-19,"跨行費用 − −",-15,"Cathay",NA,NA,"Bank Transfer fees","Sep",2025,"Sep_2025","Other Business Expenses"
2025-09-19,"電子轉出 Ｗ１１１８房租 (012)0000600168128620
",-50000,"Cathay",NA,NA,"Rent","Sep",2025,"Sep_2025","Rent"
2025-09-13,"跨行費用 − −",-5,"Cathay",NA,NA,"Bank Transfer fees","Sep",2025,"Sep_2025","Other Business Expenses"
2025-09-13,"跨行提款 81207438   118829A −",-2000,"Cathay",NA,NA,"Other Business Expenses","Sep",2025,"Sep_2025","Other Business Expenses"
2025-09-12,"跨行費用 − −",-15,"Cathay",NA,NA,"Bank Transfer fees","Sep",2025,"Sep_2025","Other Business Expenses"
2025-09-12,"電子轉出 Ｃａｓｈ　Ｐａｙｏｕｔ (822)0000241540091956
",-50000,"Cathay","Simon",NA,"Dividend Distribution - Simon","Sep",2025,"Sep_2025","Unneeded categories"
2025-09-12,"網銀轉帳 ｃａｓｈ　ｐａｙｏｕｔ (013)0000270506032358
鄭＊婷",-50000,"Cathay","Tina",NA,"Dividend Distribution - Tina","Sep",2025,"Sep_2025","Unneeded categories"
2025-09-08,"跨行費用 − −",-15,"Cathay",NA,NA,"Bank Transfer fees","Sep",2025,"Sep_2025","Other Business Expenses"
2025-09-08,"電子轉出 ５１３租金 (009)0053458666888700
",-27560,"Cathay","716 Landlord",NA,"Rent","Sep",2025,"Sep_2025","Rent"
2025-09-01,"自行提款 0130VB3A −",-25800,"Cathay",NA,NA,"Other Business Expenses","Sep",2025,"Sep_2025","Other Business Expenses"
2025-09-01,"跨行費用 − −",-15,"Cathay",NA,NA,"Bank Transfer fees","Sep",2025,"Sep_2025","Other Business Expenses"
2025-09-01,"電子轉出 減資 (822)0000152540146385
",-50000,"Cathay","Andy",NA,"Dividend Distribution - Andy","Sep",2025,"Sep_2025","Unneeded categories"
2025-09-01,"跨行費用 − −",-15,"Cathay",NA,NA,"Bank Transfer fees","Sep",2025,"Sep_2025","Other Business Expenses"
2025-09-01,"電子轉出 房租 (009)0053458666888700
",-29000,"Cathay","716 Landlord",NA,"Rent","Sep",2025,"Sep_2025","Rent"
2025-09-01,"跨行費用 − −",-15,"Cathay",NA,NA,"Bank Transfer fees","Sep",2025,"Sep_2025","Other Business Expenses"
2025-09-01,"電子轉出 租金 (006)0001405765859712
",-32560,"Cathay","814 Landlord",NA,"Rent","Sep",2025,"Sep_2025","Rent"
2025-08-28,"跨行費用 − −",-15,"Cathay",NA,NA,"Bank Transfer fees","Aug",2025,"Aug_2025","Other Business Expenses"
2025-08-28,"電子轉出 房租 (008)0000129200040033
",-31500,"Cathay","1713 Landlord",NA,"Rent","Aug",2025,"Aug_2025","Rent"
2025-08-27,"跨行費用 − −",-10,"Cathay",NA,NA,"Bank Transfer fees","Aug",2025,"Aug_2025","Other Business Expenses"
2025-08-27,"電子轉出 ａｉｒｂｎｂ (822)0000215540116773
",-1000,"Cathay","Russ",NA,"Other Business Expenses","Aug",2025,"Aug_2025","Other Business Expenses"
2025-08-22,"跨行費用 − −",-15,"Cathay",NA,NA,"Bank Transfer fees","Aug",2025,"Aug_2025","Other Business Expenses"
2025-08-22,"電子轉出 ８１４　１６１５ (009)0053459500036600
",-4500,"Cathay","Marty",NA,NA,"Aug",2025,"Aug_2025",NA
2025-08-22,"跨行費用 − −",-15,"Cathay",NA,NA,"Bank Transfer fees","Aug",2025,"Aug_2025","Other Business Expenses"
2025-08-22,"電子轉出 佣金 (009)0053459500036600
",-2440,"Cathay","Marty",NA,"Dividend Distribution - Marty","Aug",2025,"Aug_2025","Unneeded categories"
2025-08-22,"跨行費用 − −",-15,"Cathay",NA,NA,"Bank Transfer fees","Aug",2025,"Aug_2025","Other Business Expenses"
2025-08-22,"電子轉出 １６１５ (012)0000704168156410
",-29560,"Cathay","1615 Landlord",NA,"Rent","Aug",2025,"Aug_2025","Rent"
2025-08-15,"自行提款 0130VB32 −",-10000,"Cathay",NA,NA,"Other Business Expenses","Aug",2025,"Aug_2025","Other Business Expenses"
2025-08-15,"跨行費用 − −",-15,"Cathay",NA,NA,"Bank Transfer fees","Aug",2025,"Aug_2025","Other Business Expenses"
2025-08-15,"電子轉出 紅利分配 (822)0000241540091956
",-40000,"Cathay","Simon",NA,"Dividend Distribution - Simon","Aug",2025,"Aug_2025","Unneeded categories"
2025-08-15,"網銀轉帳 Ａｎｎ　ａｄｖａｎｃｅ (013)0000270506032358
鄭＊婷",-10000,"Cathay","Tina",NA,"Cleaning","Aug",2025,"Aug_2025","Cleaning"
2025-08-15,"網銀轉帳 分紅 (013)0000270506032358
鄭＊婷",-50000,"Cathay","Tina",NA,"Dividend Distribution - Tina","Aug",2025,"Aug_2025","Unneeded categories"
2025-08-12,"跨行費用 − −",-5,"Cathay",NA,NA,"Bank Transfer fees","Aug",2025,"Aug_2025","Other Business Expenses"
2025-08-12,"跨行提款 81207086   04915B6 −",-2000,"Cathay",NA,NA,"Other Business Expenses","Aug",2025,"Aug_2025","Other Business Expenses"
2025-08-09,"信用卡款 國泰世華商業銀行信用卡作業部 (013)02669613447359587
國＊世華商業銀行信用卡作業部
0000007***029221",-30732,"Cathay",NA,NA,"Credit Card Payments","Aug",2025,"Aug_2025","Unneeded categories"
2025-08-09,"跨行費用 − −",-15,"Cathay",NA,NA,"Bank Transfer fees","Aug",2025,"Aug_2025","Other Business Expenses"
2025-08-09,"電子轉出 房租 (009)0053458666888700
",-27560,"Cathay","716 Landlord",NA,"Rent","Aug",2025,"Aug_2025","Rent"
2025-08-05,"自行提款 0130VBAJ −",-17400,"Cathay",NA,NA,"Other Business Expenses","Aug",2025,"Aug_2025","Other Business Expenses"
2025-08-04,"跨行費用 − −",-15,"Cathay",NA,NA,"Bank Transfer fees","Aug",2025,"Aug_2025","Other Business Expenses"
2025-08-04,"電子轉出 ７１６ (009)0053458666888700
",-29000,"Cathay","716 Landlord",NA,"Rent","Aug",2025,"Aug_2025","Rent"
2025-08-04,"跨行費用 − −",-15,"Cathay",NA,NA,"Bank Transfer fees","Aug",2025,"Aug_2025","Other Business Expenses"
2025-08-04,"電子轉出 ８１４ (006)0001405765859712
",-32560,"Cathay","814 Landlord",NA,"Rent","Aug",2025,"Aug_2025","Rent"
2025-08-02,"網銀轉帳 − (013)0000223***262045
李＊軒",8700,"Cathay",NA,"李＊軒",NA,"Aug",2025,"Aug_2025",NA
2025-08-01,"跨行費用 − −",-15,"Cathay",NA,NA,"Bank Transfer fees","Aug",2025,"Aug_2025","Other Business Expenses"
2025-08-01,"電子轉出 ｃａｐ　ｒｅｄｕｃｔｉｏｎ (822)0000152540146385
",-50000,"Cathay","Andy",NA,"Dividend Distribution - Andy","Aug",2025,"Aug_2025","Unneeded categories"
2025-07-29,"自行提款 0130VHPQ −",-6000,"Cathay",NA,NA,"Other Business Expenses","Jul",2025,"Jul_2025","Other Business Expenses"
2025-07-25,"跨行費用 − −",-15,"Cathay",NA,NA,"Bank Transfer fees","Jul",2025,"Jul_2025","Other Business Expenses"
2025-07-25,"電子轉出 １７１３房租 (008)0000129200040033
",-31500,"Cathay","1713 Landlord",NA,"Rent","Jul",2025,"Jul_2025","Rent"
2025-07-21,"電子轉出 阿修傭金 (822)0000241540091956
",-440,"Cathay","Simon",NA,"Dividend Distribution - Simon","Jul",2025,"Jul_2025","Unneeded categories"
2025-07-21,"跨行費用 − −",-15,"Cathay",NA,NA,"Bank Transfer fees","Jul",2025,"Jul_2025","Other Business Expenses"
2025-07-21,"電子轉出 １６１５租金 (012)0000704168156410
",-29560,"Cathay","1615 Landlord",NA,"Rent","Jul",2025,"Jul_2025","Rent"
2025-07-21,"跨行費用 − −",-15,"Cathay",NA,NA,"Bank Transfer fees","Jul",2025,"Jul_2025","Other Business Expenses"
2025-07-21,"電子轉出 Ｓｔｏｒａｇｅ (007)0000014610067030
",-9918,"Cathay","Storage Landlord",NA,"Rent","Jul",2025,"Jul_2025","Rent"
2025-07-19,"跨行費用 − −",-5,"Cathay",NA,NA,"Bank Transfer fees","Jul",2025,"Jul_2025","Other Business Expenses"
2025-07-19,"跨行提款 82204954380A42B31F −",-2000,"Cathay",NA,NA,"Other Business Expenses","Jul",2025,"Jul_2025","Other Business Expenses"
2025-07-15,"信用卡款 國泰世華商業銀行信用卡作業部 (013)02669613447359587
國＊世華商業銀行信用卡作業部
0000007***029221",-5236,"Cathay",NA,NA,"Credit Card Payments","Jul",2025,"Jul_2025","Unneeded categories"
2025-07-15,"跨行費用 − −",-15,"Cathay",NA,NA,"Bank Transfer fees","Jul",2025,"Jul_2025","Other Business Expenses"
2025-07-15,"電子轉出 ５１３修理 (806)0000080221492500
",-1200,"Cathay","Handyman 1",NA,"Maintenance/Repairs/Furniture","Jul",2025,"Jul_2025","Other Business Expenses"
2025-07-14,"跨行費用 − −",-5,"Cathay",NA,NA,"Bank Transfer fees","Jul",2025,"Jul_2025","Other Business Expenses"
2025-07-14,"跨行提款 009534553428697727 −",-10000,"Cathay",NA,NA,"Other Business Expenses","Jul",2025,"Jul_2025","Other Business Expenses"
2025-07-13,"跨行費用 − −",-15,"Cathay",NA,NA,"Bank Transfer fees","Jul",2025,"Jul_2025","Other Business Expenses"
2025-07-13,"電子轉出 − (822)0000152540146385
",-50000,"Cathay","Andy",NA,"Dividend Distribution - Simon","Jul",2025,"Jul_2025","Unneeded categories"
2025-07-12,"跨行轉入 − (822)0000252***129590
",20000,"Cathay",NA,NA,NA,"Jul",2025,"Jul_2025",NA
2025-07-12,"跨行費用 − −",-15,"Cathay",NA,NA,"Bank Transfer fees","Jul",2025,"Jul_2025","Other Business Expenses"
2025-07-12,"電子轉出 ｄｉｓｔｒｉｂｕｔｉｏｎ (822)0000241540091956
",-50000,"Cathay","Simon",NA,"Dividend Distribution - Simon","Jul",2025,"Jul_2025","Unneeded categories"
2025-07-12,"網銀轉帳 ｄｉｓｔｒｉｂｕｔｉｏｎ (013)0000270506032358
鄭＊婷",-50000,"Cathay","Tina",NA,"Dividend Distribution - Tina","Jul",2025,"Jul_2025","Unneeded categories"
2025-07-09,"跨行費用 − −",-15,"Cathay",NA,NA,"Bank Transfer fees","Jul",2025,"Jul_2025","Other Business Expenses"
2025-07-09,"電子轉出 − (009)0053458666888700
",-27560,"Cathay","716 Landlord",NA,"Rent","Jul",2025,"Jul_2025","Rent"
2025-07-08,"跨行費用 − −",-15,"Cathay",NA,NA,"Bank Transfer fees","Jul",2025,"Jul_2025","Other Business Expenses"
2025-07-08,"電子轉出 Ｗ１１０ (812)0020551000093942
",-18210,"Cathay",NA,NA,NA,"Jul",2025,"Jul_2025",NA
2025-07-07,"跨行費用 − −",-15,"Cathay",NA,NA,"Bank Transfer fees","Jul",2025,"Jul_2025","Other Business Expenses"
2025-07-07,"電子轉出 ７１１　號週轉 (009)0053459500036600
",-20000,"Cathay","Marty",NA,NA,"Jul",2025,"Jul_2025",NA
2025-07-06,"網銀轉帳 − (013)0000223***262045
李＊軒",8700,"Cathay",NA,"李＊軒",NA,"Jul",2025,"Jul_2025",NA
2025-07-05,"費用沖正 − −",15,"Cathay",NA,NA,"Bank Transfer fees","Jul",2025,"Jul_2025","Other Business Expenses"
2025-07-05,"跨行費用 − −",-15,"Cathay",NA,NA,"Bank Transfer fees","Jul",2025,"Jul_2025","Other Business Expenses"
2025-07-03,"跨行費用 − −",-5,"Cathay",NA,NA,"Bank Transfer fees","Jul",2025,"Jul_2025","Other Business Expenses"
2025-07-03,"跨行提款 808L0679O328760226 −",-2000,"Cathay",NA,NA,"Other Business Expenses","Jul",2025,"Jul_2025","Other Business Expenses"
2025-07-03,"跨行費用 − −",-15,"Cathay",NA,NA,"Bank Transfer fees","Jul",2025,"Jul_2025","Other Business Expenses"
2025-07-03,"電子轉出 租金 (009)0053458666888700
",-29000,"Cathay","716 Landlord",NA,"Rent","Jul",2025,"Jul_2025","Rent"
2025-07-03,"跨行費用 − −",-15,"Cathay",NA,NA,"Bank Transfer fees","Jul",2025,"Jul_2025","Other Business Expenses"
2025-07-03,"電子轉出 租金 (006)0001405765859712
",-32560,"Cathay","814 Landlord",NA,"Rent","Jul",2025,"Jul_2025","Rent"
2025-07-02,"跨行轉入 １６１５ (822)0000252***129590
",44459,"Cathay",NA,NA,"Capital Reduction","Jul",2025,"Jul_2025","Unneeded categories"
2025-06-26,"跨行費用 − −",-15,"Cathay",NA,NA,"Bank Transfer fees","Jun",2025,"Jun_2025","Other Business Expenses"
2025-06-26,"電子轉出 Ｗ１１０ (806)0000080221492500
",-1500,"Cathay","Handyman 1",NA,"Maintenance/Repairs/Furniture","Jun",2025,"Jun_2025","Other Business Expenses"
2025-06-26,"跨行費用 − −",-15,"Cathay",NA,NA,"Bank Transfer fees","Jun",2025,"Jun_2025","Other Business Expenses"
2025-06-26,"電子轉出 租金 (008)0000129200040033
",-31500,"Cathay","1713 Landlord",NA,"Rent","Jun",2025,"Jun_2025","Rent"
2025-06-23,"跨行轉入 １０月２３到３１ (012)0000461***093591
",20160,"Cathay",NA,NA,NA,"Jun",2025,"Jun_2025",NA
2025-06-23,"跨行轉入 − (012)0000461***093591
",100,"Cathay",NA,NA,NA,"Jun",2025,"Jun_2025",NA
2025-06-22,"跨行費用 − −",-15,"Cathay",NA,NA,"Bank Transfer fees","Jun",2025,"Jun_2025","Other Business Expenses"
2025-06-22,"電子轉出 − (009)0053459500036600
",-2440,"Cathay","Marty",NA,NA,"Jun",2025,"Jun_2025",NA
2025-06-22,"跨行費用 − −",-15,"Cathay",NA,NA,"Bank Transfer fees","Jun",2025,"Jun_2025","Other Business Expenses"
2025-06-22,"電子轉出 − (012)0000704168156410
",-29560,"Cathay","1615 Landlord",NA,"Rent","Jun",2025,"Jun_2025","Rent"
2025-06-22,"電子轉出 − (009)0053459500036600
",-500,"Cathay","Marty",NA,NA,"Jun",2025,"Jun_2025",NA
2025-06-21,"跨行費用 − −",-10,"Cathay",NA,NA,"Bank Transfer fees","Jun",2025,"Jun_2025","Other Business Expenses"
2025-06-21,"電子轉出 馬桶蓋 (009)0053459500036600
",-800,"Cathay","Marty",NA,"Maintenance/Repairs/Furniture","Jun",2025,"Jun_2025","Other Business Expenses"
2025-06-20,"存款息 − −",286,"Cathay",NA,NA,"Interest","Jun",2025,"Jun_2025","Other Business Expenses"
2025-06-13,"跨行費用 − −",-15,"Cathay",NA,NA,"Bank Transfer fees","Jun",2025,"Jun_2025","Other Business Expenses"
2025-06-13,"電子轉出 餐費 (822)0000241540091956
",-4081,"Cathay","Simon",NA,"Business Meals","Jun",2025,"Jun_2025","Other Business Expenses"
2025-06-12,"跨行費用 − −",-15,"Cathay",NA,NA,"Bank Transfer fees","Jun",2025,"Jun_2025","Other Business Expenses"
2025-06-12,"電子轉出 電費 (822)0000241540091956
",-11365,"Cathay","Simon",NA,"Water and Electricity","Jun",2025,"Jun_2025","Water and Electricity"
2025-06-11,"跨行費用 − −",-15,"Cathay",NA,NA,"Bank Transfer fees","Jun",2025,"Jun_2025","Other Business Expenses"
2025-06-11,"電子轉出 ａｉｒｂｎｂ　ｅｘｐｅｎｓｅ (822)0000241540091956
",-35220,"Cathay","Simon",NA,"Other Business Expenses","Jun",2025,"Jun_2025","Other Business Expenses"
2025-06-11,"跨行費用 − −",-15,"Cathay",NA,NA,"Bank Transfer fees","Jun",2025,"Jun_2025","Other Business Expenses"
2025-06-11,"電子轉出 ａｉｒｂｎｂ　報帳 (822)0000241540091956
",-50000,"Cathay","Simon",NA,"Taxes","Jun",2025,"Jun_2025","Other Business Expenses"
2025-06-10,"跨行費用 − −",-15,"Cathay",NA,NA,"Bank Transfer fees","Jun",2025,"Jun_2025","Other Business Expenses"
2025-06-10,"電子轉出 ５１３　ｒｅｎｔ (009)0053458666888700
",-27560,"Cathay","716 Landlord",NA,"Rent","Jun",2025,"Jun_2025","Rent"
2025-06-08,"跨行轉入 − (812)0020941***161163
",8700,"Cathay",NA,NA,NA,"Jun",2025,"Jun_2025",NA
2025-06-07,"跨行費用 − −",-15,"Cathay",NA,NA,"Bank Transfer fees","Jun",2025,"Jun_2025","Other Business Expenses"
2025-06-07,"電子轉出 餐費 (822)0000241540091956
",-3190,"Cathay","Simon",NA,"Business Meals","Jun",2025,"Jun_2025","Other Business Expenses"
2025-06-07,"網銀轉帳 客服的錢 (013)0000270506032358
鄭＊婷",-8800,"Cathay","Tina",NA,"Other Business Expenses","Jun",2025,"Jun_2025","Other Business Expenses"
2025-06-03,"跨行費用 − −",-15,"Cathay",NA,NA,"Bank Transfer fees","Jun",2025,"Jun_2025","Other Business Expenses"
2025-06-03,"電子轉出 房租 (009)0053458666888700
",-29000,"Cathay","716 Landlord",NA,"Rent","Jun",2025,"Jun_2025","Rent"
2025-06-03,"跨行費用 − −",-15,"Cathay",NA,NA,"Bank Transfer fees","Jun",2025,"Jun_2025","Other Business Expenses"
2025-06-03,"電子轉出 房租 (006)0001405765859712
",-32560,"Cathay","814 Landlord",NA,"Rent","Jun",2025,"Jun_2025","Rent"
2025-05-31,"跨行費用 − −",-15,"Cathay",NA,NA,"Bank Transfer fees","May",2025,"May_2025","Other Business Expenses"
2025-05-31,"電子轉出 打掃的錢 (700)0001213890257738
",-10510,"Cathay","Cleaner 4",NA,"Cleaning","May",2025,"May_2025","Cleaning"
2025-05-28,"跨行費用 − −",-15,"Cathay",NA,NA,"Bank Transfer fees","May",2025,"May_2025","Other Business Expenses"
2025-05-28,"電子轉出 − (008)0000129200040033
",-31500,"Cathay","1713 Landlord",NA,"Rent","May",2025,"May_2025","Rent"
2025-05-26,"跨行費用 − −",-15,"Cathay",NA,NA,"Bank Transfer fees","May",2025,"May_2025","Other Business Expenses"
2025-05-26,"電子轉出 網路費 (822)0000241540091956
",-2000,"Cathay","Simon",NA,"Internet and TV","May",2025,"May_2025","Internet and TV"
2025-05-22,"跨行費用 − −",-15,"Cathay",NA,NA,"Bank Transfer fees","May",2025,"May_2025","Other Business Expenses"
2025-05-22,"電子轉出 佣金 (009)0053459500036600
",-2440,"Cathay","Marty",NA,"Dividend Distribution - Marty","May",2025,"May_2025","Unneeded categories"
2025-05-22,"跨行費用 − −",-15,"Cathay",NA,NA,"Bank Transfer fees","May",2025,"May_2025","Other Business Expenses"
2025-05-22,"電子轉出 租金 (012)0000704168156410
",-29560,"Cathay","1615 Landlord",NA,"Rent","May",2025,"May_2025","Rent"
2025-05-21,"自行提款 0130VBAJ −",-15000,"Cathay",NA,NA,"Other Business Expenses","May",2025,"May_2025","Other Business Expenses"
2025-05-19,"跨行費用 − −",-15,"Cathay",NA,NA,"Bank Transfer fees","May",2025,"May_2025","Other Business Expenses"
2025-05-19,"電子轉出 網路 (009)0053459500036600
",-2092,"Cathay","Marty",NA,"Internet and TV","May",2025,"May_2025","Internet and TV"
2025-05-11,"網銀轉帳 Ｔｉｎａ　Ｒｅｉｍｂｕｒｓｅ (013)0000270506032358
鄭＊婷",-31180,"Cathay","Tina",NA,NA,"May",2025,"May_2025",NA
2025-05-08,"跨行費用 − −",-15,"Cathay",NA,NA,"Bank Transfer fees","May",2025,"May_2025","Other Business Expenses"
2025-05-08,"電子轉出 ５１３　Ｒｅｎｔ (009)0053458666888700
",-27560,"Cathay","716 Landlord",NA,"Rent","May",2025,"May_2025","Rent"
2025-05-03,"網銀轉帳 − (013)0000222506144844
陳＊君",-500,"Cathay","陳＊君",NA,NA,"May",2025,"May_2025",NA
2025-05-03,"網銀轉帳 Ａｉｒｂｎｂ　行銷 (013)0000222506144844
陳＊君",-2217,"Cathay","陳＊君",NA,"Marketing","May",2025,"May_2025","Other Business Expenses"
2025-05-02,"跨行費用 − −",-15,"Cathay",NA,NA,"Bank Transfer fees","May",2025,"May_2025","Other Business Expenses"
2025-05-02,"電子轉出 ７１６房租 (009)0053458666888700
",-29000,"Cathay","716 Landlord",NA,"Rent","May",2025,"May_2025","Rent"
2025-05-02,"跨行費用 − −",-15,"Cathay",NA,NA,"Bank Transfer fees","May",2025,"May_2025","Other Business Expenses"
2025-05-02,"電子轉出 ８１４房租 (006)0001405765859712
",-32560,"Cathay","814 Landlord",NA,"Rent","May",2025,"May_2025","Rent"
2025-05-01,"網銀轉帳 − (013)0000223***262045
李＊軒",8700,"Cathay",NA,"李＊軒",NA,"May",2025,"May_2025",NA
2025-05-01,"網銀轉帳 行銷費用 (013)0000011506192732
劉＊志",-2235,"Cathay","劉＊志",NA,"Marketing","May",2025,"May_2025","Other Business Expenses"
2025-04-28,"自行提款 0130VBAJ −",-21300,"Cathay",NA,NA,"Other Business Expenses","Apr",2025,"Apr_2025","Other Business Expenses"
2025-04-27,"跨行費用 − −",-15,"Cathay",NA,NA,"Bank Transfer fees","Apr",2025,"Apr_2025","Other Business Expenses"
2025-04-27,"電子轉出 １７１３房租 (008)0000129200040033
",-31500,"Cathay","1713 Landlord",NA,"Rent","Apr",2025,"Apr_2025","Rent"
2025-04-27,"跨行費用 − −",-10,"Cathay",NA,NA,"Bank Transfer fees","Apr",2025,"Apr_2025","Other Business Expenses"
2025-04-27,"電子轉出 拆濾水器 (009)0053459500036600
",-1000,"Cathay","Marty",NA,"Maintenance/Repairs/Furniture","Apr",2025,"Apr_2025","Other Business Expenses"
2025-04-26,"ＡＴＭ存 0130VBAJ −",5000,"Cathay",NA,NA,NA,"Apr",2025,"Apr_2025",NA
2025-04-26,"自行提款 0130VB3A −",-1500,"Cathay",NA,NA,"Other Business Expenses","Apr",2025,"Apr_2025","Other Business Expenses"
2025-04-23,"跨行費用 − −",-10,"Cathay",NA,NA,"Bank Transfer fees","Apr",2025,"Apr_2025","Other Business Expenses"
2025-04-23,"電子轉出 修水管 (806)0000080221492500
",-1000,"Cathay","Handyman 1",NA,"Maintenance/Repairs/Furniture","Apr",2025,"Apr_2025","Other Business Expenses"
2025-04-23,"跨行費用 − −",-15,"Cathay",NA,NA,"Bank Transfer fees","Apr",2025,"Apr_2025","Other Business Expenses"
2025-04-23,"電子轉出 − (009)0053459500036600
",-4880,"Cathay","Marty",NA,NA,"Apr",2025,"Apr_2025",NA
2025-04-22,"跨行費用 − −",-15,"Cathay",NA,NA,"Bank Transfer fees","Apr",2025,"Apr_2025","Other Business Expenses"
2025-04-22,"電子轉出 行銷費用 (822)0000679540070976
",-2198,"Cathay",NA,NA,"Marketing","Apr",2025,"Apr_2025","Other Business Expenses"
2025-04-22,"跨行費用 − −",-15,"Cathay",NA,NA,"Bank Transfer fees","Apr",2025,"Apr_2025","Other Business Expenses"
2025-04-22,"電子轉出 １６１５房租 (012)0000704168156410
",-29560,"Cathay","1615 Landlord",NA,"Rent","Apr",2025,"Apr_2025","Rent"
2025-04-21,"自行提款 0130VBAJ −",-3900,"Cathay",NA,NA,"Other Business Expenses","Apr",2025,"Apr_2025","Other Business Expenses"
2025-04-20,"跨行費用 − −",-15,"Cathay",NA,NA,"Bank Transfer fees","Apr",2025,"Apr_2025","Other Business Expenses"
2025-04-20,"電子轉出 １７１３　１６１５　洗冷氣 (822)0000794540177806
",-4500,"Cathay",NA,NA,"Maintenance/Repairs/Furniture","Apr",2025,"Apr_2025","Other Business Expenses"
2025-04-15,"電子轉出 − (009)0053459500036600
",-500,"Cathay","Marty",NA,NA,"Apr",2025,"Apr_2025",NA
2025-04-15,"跨行費用 − −",-15,"Cathay",NA,NA,"Bank Transfer fees","Apr",2025,"Apr_2025","Other Business Expenses"
2025-04-15,"電子轉出 電子鎖安裝 (806)0000080221492500
",-5000,"Cathay","Handyman 1",NA,"Maintenance/Repairs/Furniture","Apr",2025,"Apr_2025","Other Business Expenses"
2025-04-14,"跨行費用 − −",-15,"Cathay",NA,NA,"Bank Transfer fees","Apr",2025,"Apr_2025","Other Business Expenses"
2025-04-14,"電子轉出 租倉儲空間 (007)0000014610067030
",-13730,"Cathay","Storage Landlord",NA,"Rent","Apr",2025,"Apr_2025","Rent"
2025-04-13,"跨行費用 − −",-15,"Cathay",NA,NA,"Bank Transfer fees","Apr",2025,"Apr_2025","Other Business Expenses"
2025-04-13,"電子轉出 Ｓｉｍｏｎ　報帳 (822)0000241540091956
",-47387,"Cathay","Simon",NA,"Taxes","Apr",2025,"Apr_2025","Other Business Expenses"
2025-04-13,"跨行費用 − −",-15,"Cathay",NA,NA,"Bank Transfer fees","Apr",2025,"Apr_2025","Other Business Expenses"
2025-04-13,"電子轉出 ３月電費 (822)0000241540091956
",-8592,"Cathay","Simon",NA,"Water and Electricity","Apr",2025,"Apr_2025","Water and Electricity"
2025-04-13,"跨行費用 − −",-15,"Cathay",NA,NA,"Bank Transfer fees","Apr",2025,"Apr_2025","Other Business Expenses"
2025-04-13,"電子轉出 １６００電子鎖 (822)0000241540091956
",-4000,"Cathay","Simon",NA,"Maintenance/Repairs/Furniture","Apr",2025,"Apr_2025","Other Business Expenses"
2025-04-12,"網銀轉帳 Ｔｉｎａ (013)0000270***032358
鄭＊婷",47168,"Cathay",NA,"Tina","Capital Reduction","Apr",2025,"Apr_2025","Unneeded categories"
2025-04-11,"跨行費用 − −",-15,"Cathay",NA,NA,"Bank Transfer fees","Apr",2025,"Apr_2025","Other Business Expenses"
2025-04-11,"電子轉出 ５１３　ｒｅｎｔ (009)0053458666888700
",-27560,"Cathay","716 Landlord",NA,"Rent","Apr",2025,"Apr_2025","Rent"
2025-04-10,"跨行轉入 ２天住宿費用１６１５ (052)0011520***036570
",4000,"Cathay",NA,NA,"Revenue","Apr",2025,"Apr_2025",NA
2025-04-08,"跨行費用 − −",-15,"Cathay",NA,NA,"Bank Transfer fees","Apr",2025,"Apr_2025","Other Business Expenses"
2025-04-08,"電子轉出 小米電子鎖 (012)0000676168062960
",-4000,"Cathay",NA,NA,"Maintenance/Repairs/Furniture","Apr",2025,"Apr_2025","Other Business Expenses"
2025-04-06,"電子轉出 １７１３　修繕 (009)0053459500036600
",-500,"Cathay","Marty",NA,"Maintenance/Repairs/Furniture","Apr",2025,"Apr_2025","Other Business Expenses"
2025-04-06,"自行提款 0130VBAJ −",-500,"Cathay",NA,NA,"Other Business Expenses","Apr",2025,"Apr_2025","Other Business Expenses"
2025-04-06,"自行提款 0130VBAJ −",-1000,"Cathay",NA,NA,"Other Business Expenses","Apr",2025,"Apr_2025","Other Business Expenses"
2025-04-04,"網銀轉帳 Ａｉｒｂｎｂ　行銷 (013)0000043558186748
王＊凱",-2193,"Cathay","王＊凱",NA,"Marketing","Apr",2025,"Apr_2025","Other Business Expenses"
2025-04-02,"跨行費用 − −",-15,"Cathay",NA,NA,"Bank Transfer fees","Apr",2025,"Apr_2025","Other Business Expenses"
2025-04-02,"電子轉出 ７１６房租 (009)0053458666888700
",-29000,"Cathay","716 Landlord",NA,"Rent","Apr",2025,"Apr_2025","Rent"
2025-04-02,"跨行費用 − −",-15,"Cathay",NA,NA,"Bank Transfer fees","Apr",2025,"Apr_2025","Other Business Expenses"
2025-04-02,"電子轉出 ８１４房租 (006)0001405765859712
",-32560,"Cathay","814 Landlord",NA,"Rent","Apr",2025,"Apr_2025","Rent"
2025-04-02,"ＡＴＭ存 0130VBAJ −",100,"Cathay",NA,NA,NA,"Apr",2025,"Apr_2025",NA
2025-04-02,"ＡＴＭ存 0130VBAJ −",88600,"Cathay",NA,NA,"Capital Reduction","Apr",2025,"Apr_2025","Unneeded categories"
2025-04-02,"自行提款 0130VBAJ −",-14500,"Cathay",NA,NA,"Other Business Expenses","Apr",2025,"Apr_2025","Other Business Expenses"
2025-04-02,"跨行轉入 − (009)0053459***036600
",14500,"Cathay",NA,"Marty",NA,"Apr",2025,"Apr_2025",NA
2025-03-29,"ＡＴＭ存 0130VP3T −",4500,"Cathay",NA,NA,NA,"Mar",2025,"Mar_2025",NA
2025-03-28,"自行提款 0130VBAJ −",-15300,"Cathay",NA,NA,"Other Business Expenses","Mar",2025,"Mar_2025","Other Business Expenses"
2025-03-27,"跨行費用 − −",-15,"Cathay",NA,NA,"Bank Transfer fees","Mar",2025,"Mar_2025","Other Business Expenses"
2025-03-27,"電子轉出 １７１３租金 (008)0000129200040033
",-31500,"Cathay","1713 Landlord",NA,"Rent","Mar",2025,"Mar_2025","Rent"
2025-03-22,"ＡＴＭ存 0130VB3A −",40000,"Cathay",NA,NA,"Capital Reduction","Mar",2025,"Mar_2025","Unneeded categories"
2025-03-22,"網銀轉帳 Ａｉｒｂｎｂ　行銷 (013)0000218506051130
黃＊真",-2237,"Cathay","黃＊真",NA,"Marketing","Mar",2025,"Mar_2025","Other Business Expenses"
2025-03-22,"跨行費用 − −",-15,"Cathay",NA,NA,"Bank Transfer fees","Mar",2025,"Mar_2025","Other Business Expenses"
2025-03-22,"電子轉出 Ａｉｒｂｎｂ行銷 (012)0000360168100759
",-2193,"Cathay",NA,NA,"Marketing","Mar",2025,"Mar_2025","Other Business Expenses"
2025-03-21,"跨行費用 − −",-15,"Cathay",NA,NA,"Bank Transfer fees","Mar",2025,"Mar_2025","Other Business Expenses"
2025-03-21,"電子轉出 １６１５房租 (012)0000704168156410
",-29560,"Cathay","1615 Landlord",NA,"Rent","Mar",2025,"Mar_2025","Rent"
2025-03-21,"電子轉出 − (009)0053459500036600
",-300,"Cathay","Marty",NA,NA,"Mar",2025,"Mar_2025",NA
2025-03-16,"跨行費用 − −",-15,"Cathay",NA,NA,"Bank Transfer fees","Mar",2025,"Mar_2025","Other Business Expenses"
2025-03-16,"電子轉出 電費和橘子 (822)0000241540091956
",-3926,"Cathay","Simon",NA,"Water and Electricity","Mar",2025,"Mar_2025","Water and Electricity"
2025-03-15,"跨行費用 − −",-15,"Cathay",NA,NA,"Bank Transfer fees","Mar",2025,"Mar_2025","Other Business Expenses"
2025-03-15,"電子轉出 ７１６洗冷氣 (007)0000011350193561
",-2500,"Cathay",NA,NA,"Maintenance/Repairs/Furniture","Mar",2025,"Mar_2025","Other Business Expenses"
2025-03-15,"跨行費用 − −",-15,"Cathay",NA,NA,"Bank Transfer fees","Mar",2025,"Mar_2025","Other Business Expenses"
2025-03-15,"電子轉出 Ａｉｒｂｎｂ　行銷 (081)0000001628098388
",-1746,"Cathay",NA,NA,"Marketing","Mar",2025,"Mar_2025","Other Business Expenses"
2025-03-15,"跨行費用 − −",-15,"Cathay",NA,NA,"Bank Transfer fees","Mar",2025,"Mar_2025","Other Business Expenses"
2025-03-15,"電子轉出 Ａｉｒｂｎｂ　行銷 (009)0092905124245300
",-2157,"Cathay",NA,NA,"Marketing","Mar",2025,"Mar_2025","Other Business Expenses"
2025-03-15,"跨行費用 − −",-15,"Cathay",NA,NA,"Bank Transfer fees","Mar",2025,"Mar_2025","Other Business Expenses"
2025-03-15,"電子轉出 Ａｉｒｂｎｂ　行銷 (822)0000023540213486
",-2158,"Cathay",NA,NA,"Marketing","Mar",2025,"Mar_2025","Other Business Expenses"
2025-03-14,"跨行費用 − −",-15,"Cathay",NA,NA,"Bank Transfer fees","Mar",2025,"Mar_2025","Other Business Expenses"
2025-03-14,"電子轉出 − (007)0000010668151280
",-4850,"Cathay",NA,NA,NA,"Mar",2025,"Mar_2025",NA
2025-03-13,"電子轉出 ７１６抽油煙機檢修 (009)0053459500036600
",-500,"Cathay","Marty",NA,"Maintenance/Repairs/Furniture","Mar",2025,"Mar_2025","Other Business Expenses"
2025-03-09,"電子轉出 Ｍａｒｔｙ　代客 (009)0053459500036600
",-450,"Cathay","Marty",NA,"Other Business Expenses","Mar",2025,"Mar_2025","Other Business Expenses"
2025-03-08,"跨行費用 − −",-15,"Cathay",NA,NA,"Bank Transfer fees","Mar",2025,"Mar_2025","Other Business Expenses"
2025-03-08,"電子轉出 ５１３佣金 (009)0053459500036600
",-13780,"Cathay","Marty",NA,"Dividend Distribution - Marty","Mar",2025,"Mar_2025","Unneeded categories"
2025-03-07,"跨行費用 − −",-15,"Cathay",NA,NA,"Bank Transfer fees","Mar",2025,"Mar_2025","Other Business Expenses"
2025-03-07,"電子轉出 ５１３押租金差額 (822)0000241540091956
",-10040,"Cathay","Simon",NA,"Rent","Mar",2025,"Mar_2025","Rent"
2025-03-04,"跨行費用 − −",-15,"Cathay",NA,NA,"Bank Transfer fees","Mar",2025,"Mar_2025","Other Business Expenses"
2025-03-04,"電子轉出 ５１３房租 (822)0000241540091956
",-29403,"Cathay","Simon",NA,"Rent","Mar",2025,"Mar_2025","Rent"
2025-03-02,"跨行費用 − −",-15,"Cathay",NA,NA,"Bank Transfer fees","Mar",2025,"Mar_2025","Other Business Expenses"
2025-03-02,"電子轉出 ８１４裝電子鎖 (806)0000080221492500
",-2500,"Cathay","Handyman 1",NA,"Maintenance/Repairs/Furniture","Mar",2025,"Mar_2025","Other Business Expenses"
2025-03-01,"跨行費用 − −",-15,"Cathay",NA,NA,"Bank Transfer fees","Mar",2025,"Mar_2025","Other Business Expenses"
2025-03-01,"電子轉出 − (009)0053458666888700
",-29000,"Cathay","716 Landlord",NA,"Rent","Mar",2025,"Mar_2025","Rent"
2025-03-01,"跨行費用 − −",-15,"Cathay",NA,NA,"Bank Transfer fees","Mar",2025,"Mar_2025","Other Business Expenses"
2025-03-01,"電子轉出 ８１４三月房租 (006)0001405765859712
",-31560,"Cathay","814 Landlord",NA,"Rent","Mar",2025,"Mar_2025","Rent"
2025-03-01,"跨行費用 − −",-15,"Cathay",NA,NA,"Bank Transfer fees","Mar",2025,"Mar_2025","Other Business Expenses"
2025-03-01,"電子轉出 １７１３三月房租 (008)0000129200040033
",-31500,"Cathay","1713 Landlord",NA,"Rent","Mar",2025,"Mar_2025","Rent"
2025-03-01,"跨行費用 − −",-15,"Cathay",NA,NA,"Bank Transfer fees","Mar",2025,"Mar_2025","Other Business Expenses"
2025-03-01,"電子轉出 １６１５租金 (822)0000241540091956
",-29560,"Cathay","Simon",NA,"Rent","Mar",2025,"Mar_2025","Rent"
2025-03-01,"跨行費用 − −",-15,"Cathay",NA,NA,"Bank Transfer fees","Mar",2025,"Mar_2025","Other Business Expenses"
2025-03-01,"電子轉出 敦化南路打掃 (700)0001213890257738
",-2400,"Cathay","Cleaner 4",NA,"Cleaning","Mar",2025,"Mar_2025","Cleaning"
2025-02-24,"網銀轉帳 Ｔｉｎａ２ (013)0000270***032358
鄭＊婷",50000,"Cathay",NA,"Tina","Capital Reduction","Feb",2025,"Feb_2025","Unneeded categories"
2025-02-24,"網銀轉帳 Ｔｉｎａ (013)0000270***032358
鄭＊婷",50000,"Cathay",NA,"Tina","Capital Reduction","Feb",2025,"Feb_2025","Unneeded categories"
2025-02-24,"自行提款 0130VHKP −",-6000,"Cathay",NA,NA,"Other Business Expenses","Feb",2025,"Feb_2025","Other Business Expenses"
2025-02-21,"跨行費用 − −",-15,"Cathay",NA,NA,"Bank Transfer fees","Feb",2025,"Feb_2025","Other Business Expenses"
2025-02-21,"電子轉出 １６１５一個月押金 (822)0000241540091956
",-24600,"Cathay","Simon",NA,"Deposit","Feb",2025,"Feb_2025",NA
2025-02-18,"跨行費用 − −",-15,"Cathay",NA,NA,"Bank Transfer fees","Feb",2025,"Feb_2025","Other Business Expenses"
2025-02-18,"電子轉出 沙發床 (006)0005089717511408
",-9999,"Cathay",NA,NA,"Maintenance/Repairs/Furniture","Feb",2025,"Feb_2025","Other Business Expenses"
2025-02-18,"跨行費用 − −",-15,"Cathay",NA,NA,"Bank Transfer fees","Feb",2025,"Feb_2025","Other Business Expenses"
2025-02-18,"電子轉出 １６１５打掃 (008)0000130200094501
",-1500,"Cathay","Cleaner 5",NA,"Cleaning","Feb",2025,"Feb_2025","Cleaning"
2025-02-17,"跨行費用 − −",-15,"Cathay",NA,NA,"Bank Transfer fees","Feb",2025,"Feb_2025","Other Business Expenses"
2025-02-17,"電子轉出 電子鎖５１５　１６１５　７１６ (806)0000080221492500
",-8000,"Cathay","Handyman 1",NA,"Maintenance/Repairs/Furniture","Feb",2025,"Feb_2025","Other Business Expenses"
2025-02-16,"跨行費用 − −",-15,"Cathay",NA,NA,"Bank Transfer fees","Feb",2025,"Feb_2025","Other Business Expenses"
2025-02-16,"電子轉出 熱水器 (009)0056235117948900
",-1500,"Cathay",NA,NA,"Maintenance/Repairs/Furniture","Feb",2025,"Feb_2025","Other Business Expenses"
2025-02-15,"跨行費用 − −",-15,"Cathay",NA,NA,"Bank Transfer fees","Feb",2025,"Feb_2025","Other Business Expenses"
2025-02-15,"電子轉出 １６１５租金　仲介費　雜項 (009)0053459500036600
",-14943,"Cathay","Marty",NA,"Rent","Feb",2025,"Feb_2025","Rent"
2025-02-14,"跨行費用 − −",-15,"Cathay",NA,NA,"Bank Transfer fees","Feb",2025,"Feb_2025","Other Business Expenses"
2025-02-14,"電子轉出 １７１３　打掃 (007)0000018150301741
",-1400,"Cathay","Cleaner 3",NA,"Cleaning","Feb",2025,"Feb_2025","Cleaning"
2025-02-14,"跨行費用 − −",-10,"Cathay",NA,NA,"Bank Transfer fees","Feb",2025,"Feb_2025","Other Business Expenses"
2025-02-14,"電子轉出 １３０修姊打掃 (822)0000190530056476
",-1000,"Cathay","Cleaner 2",NA,"Cleaning","Feb",2025,"Feb_2025","Cleaning"
2025-02-11,"跨行費用 − −",-15,"Cathay",NA,NA,"Bank Transfer fees","Feb",2025,"Feb_2025","Other Business Expenses"
2025-02-11,"電子轉出 電視臂安裝 (396)0000000901394753
",-1900,"Cathay",NA,NA,"Maintenance/Repairs/Furniture","Feb",2025,"Feb_2025","Other Business Expenses"
2025-02-11,"費用沖正 − −",15,"Cathay",NA,NA,"Bank Transfer fees","Feb",2025,"Feb_2025","Other Business Expenses"
2025-02-11,"錯誤更正 裝電視臂 (396)0000009013944753
",1900,"Cathay",NA,NA,"Maintenance/Repairs/Furniture","Feb",2025,"Feb_2025","Other Business Expenses"
2025-02-11,"跨行費用 − −",-15,"Cathay",NA,NA,"Bank Transfer fees","Feb",2025,"Feb_2025","Other Business Expenses"
2025-02-11,"電子轉出 裝電視臂 (396)0000009013944753
",-1900,"Cathay",NA,NA,"Maintenance/Repairs/Furniture","Feb",2025,"Feb_2025","Other Business Expenses"
2025-02-08,"跨行費用 − −",-15,"Cathay",NA,NA,"Bank Transfer fees","Feb",2025,"Feb_2025","Other Business Expenses"
2025-02-08,"電子轉出 Ｓｉｍｏｎ　Ｒｅｉｍｂｕｒ　２ (822)0000241540091956
",-37098,"Cathay","Simon",NA,NA,"Feb",2025,"Feb_2025",NA
2025-02-08,"跨行費用 − −",-15,"Cathay",NA,NA,"Bank Transfer fees","Feb",2025,"Feb_2025","Other Business Expenses"
2025-02-08,"電子轉出 Ａｎｄｙ　Ｒｅｉｎｂｕｒ　２ (822)0000152540146385
",-32912,"Cathay","Andy",NA,NA,"Feb",2025,"Feb_2025",NA
2025-02-06,"跨行費用 − −",-15,"Cathay",NA,NA,"Bank Transfer fees","Feb",2025,"Feb_2025","Other Business Expenses"
2025-02-06,"電子轉出 ７１６　租金 (009)0053458666888700
",-29000,"Cathay","716 Landlord",NA,"Rent","Feb",2025,"Feb_2025","Rent"
2025-02-06,"網銀轉帳 Ｔｉｎａ (013)0000270***032358
鄭＊婷",50000,"Cathay",NA,"Tina","Capital Reduction","Feb",2025,"Feb_2025","Unneeded categories"
2025-02-06,"跨行轉入 Ａｎｄｙ (808)0000015***209452
",50000,"Cathay",NA,"Andy","Capital Reduction","Feb",2025,"Feb_2025","Unneeded categories"
2025-02-06,"跨行轉入 − (822)0000241***091956
",50000,"Cathay",NA,"Simon","Capital Reduction","Feb",2025,"Feb_2025","Unneeded categories"
2025-02-06,"跨行費用 − −",-15,"Cathay",NA,NA,"Bank Transfer fees","Feb",2025,"Feb_2025","Other Business Expenses"
2025-02-06,"電子轉出 １６１５　７１６打掃 (007)0000018150301741
",-2000,"Cathay","Cleaner 3",NA,"Cleaning","Feb",2025,"Feb_2025","Cleaning"
2025-02-04,"跨行費用 − −",-15,"Cathay",NA,NA,"Bank Transfer fees","Feb",2025,"Feb_2025","Other Business Expenses"
2025-02-04,"電子轉出 − (006)0001405765859712
",-33560,"Cathay","814 Landlord",NA,"Rent","Feb",2025,"Feb_2025","Rent"
2025-02-03,"現金 彭文 −",28600,"Cathay",NA,NA,"Revenue","Feb",2025,"Feb_2025",NA
2025-01-28,"跨行費用 − −",-15,"Cathay",NA,NA,"Bank Transfer fees","Jan",2025,"Jan_2025","Other Business Expenses"
2025-01-28,"電子轉出 − (822)0000186540138330
",-10480,"Cathay",NA,NA,NA,"Jan",2025,"Jan_2025",NA
2025-01-28,"跨行費用 − −",-15,"Cathay",NA,NA,"Bank Transfer fees","Jan",2025,"Jan_2025","Other Business Expenses"
2025-01-28,"電子轉出 １７１３　租金 (008)0000129200040033
",-31500,"Cathay","1713 Landlord",NA,"Rent","Jan",2025,"Jan_2025","Rent"
2025-01-28,"跨行費用 − −",-15,"Cathay",NA,NA,"Bank Transfer fees","Jan",2025,"Jan_2025","Other Business Expenses"
2025-01-28,"電子轉出 １６１５　房租 (012)0000704168156410
",-29560,"Cathay","1615 Landlord",NA,"Rent","Jan",2025,"Jan_2025","Rent"
2025-01-27,"跨行費用 − −",-15,"Cathay",NA,NA,"Bank Transfer fees","Jan",2025,"Jan_2025","Other Business Expenses"
2025-01-27,"電子轉出 − (822)0000186540138330
",-12000,"Cathay",NA,NA,NA,"Jan",2025,"Jan_2025",NA
2025-01-23,"跨行費用 − −",-15,"Cathay",NA,NA,"Bank Transfer fees","Jan",2025,"Jan_2025","Other Business Expenses"
2025-01-23,"電子轉出 − (822)0000241540091956
",-14617,"Cathay","Simon",NA,NA,"Jan",2025,"Jan_2025",NA
2025-01-23,"跨行費用 − −",-15,"Cathay",NA,NA,"Bank Transfer fees","Jan",2025,"Jan_2025","Other Business Expenses"
2025-01-23,"電子轉出 − (009)0053459500036600
",-35383,"Cathay","Marty",NA,NA,"Jan",2025,"Jan_2025",NA
2025-01-22,"ＡＴＭ存 0130VHRF −",27800,"Cathay",NA,NA,NA,"Jan",2025,"Jan_2025",NA
2025-01-22,"ＡＴＭ存 0130VHRF −",60,"Cathay",NA,NA,NA,"Jan",2025,"Jan_2025",NA
2025-01-22,"ＡＴＭ存 0130VHRF −",64700,"Cathay",NA,NA,"Capital Reduction","Jan",2025,"Jan_2025","Unneeded categories"
2025-01-17,"跨行轉入 − (822)0000241***091956
",1000,"Cathay",NA,"Simon",NA,"Jan",2025,"Jan_2025",NA
2025-01-17,"跨行費用 − −",-5,"Cathay",NA,NA,"Bank Transfer fees","Jan",2025,"Jan_2025","Other Business Expenses"
2025-01-17,"跨行提款 82204957068D9AC96F −",-1000,"Cathay",NA,NA,"Other Business Expenses","Jan",2025,"Jan_2025","Other Business Expenses"
2025-01-16,"跨行費用 − −",-15,"Cathay",NA,NA,"Bank Transfer fees","Jan",2025,"Jan_2025","Other Business Expenses"
2025-01-16,"電子轉出 修姊　１７１３　８１４打掃 (822)0000190530056476
",-3900,"Cathay","Cleaner 2",NA,"Cleaning","Jan",2025,"Jan_2025","Cleaning"
2025-01-14,"跨行轉入 − (822)0000241***091956
",10000,"Cathay",NA,"Simon",NA,"Jan",2025,"Jan_2025",NA
2025-01-14,"自行提款 0130VBAJ −",-10000,"Cathay",NA,NA,"Other Business Expenses","Jan",2025,"Jan_2025","Other Business Expenses"
2025-01-07,"跨行費用 − −",-15,"Cathay",NA,NA,"Bank Transfer fees","Jan",2025,"Jan_2025","Other Business Expenses"
2025-01-07,"電子轉出 一月租金　感恩 (012)0000454210208748
",-30000,"Cathay",NA,NA,"Rent","Jan",2025,"Jan_2025","Rent"
2025-01-04,"跨行費用 − −",-15,"Cathay",NA,NA,"Bank Transfer fees","Jan",2025,"Jan_2025","Other Business Expenses"
2025-01-04,"電子轉出 − (006)0001405765859712
",-32560,"Cathay","814 Landlord",NA,"Rent","Jan",2025,"Jan_2025","Rent"
2024-12-31,"跨行費用 − −",-15,"Cathay",NA,NA,"Bank Transfer fees","Dec",2024,"Dec_2024","Other Business Expenses"
2024-12-31,"電子轉出 打掃清潔 (822)0000190530056476
",-3000,"Cathay","Cleaner 2",NA,"Cleaning","Dec",2024,"Dec_2024","Cleaning"
2024-12-30,"跨行轉入 − (808)0000015***209452
",50000,"Cathay",NA,"Andy","Capital Reduction","Dec",2024,"Dec_2024","Unneeded categories"
2024-12-30,"跨行費用 − −",-15,"Cathay",NA,NA,"Bank Transfer fees","Dec",2024,"Dec_2024","Other Business Expenses"
2024-12-30,"電子轉出 １７１３房租押金 (009)0053459500036600
",-50000,"Cathay","Marty",NA,"Deposit","Dec",2024,"Dec_2024",NA
2024-12-30,"跨行費用 − −",-15,"Cathay",NA,NA,"Bank Transfer fees","Dec",2024,"Dec_2024","Other Business Expenses"
2024-12-30,"電子轉出 １７１３房租押金 (009)0053459500036600
",-18000,"Cathay","Marty",NA,"Deposit","Dec",2024,"Dec_2024",NA
2024-12-30,"跨行費用 − −",-15,"Cathay",NA,NA,"Bank Transfer fees","Dec",2024,"Dec_2024","Other Business Expenses"
2024-12-30,"電子轉出 − (008)0000129200040033
",-26500,"Cathay","1713 Landlord",NA,"Rent","Dec",2024,"Dec_2024","Rent"
2024-12-28,"網銀轉帳 Ｔｉｎａ (013)0000270***032358
鄭＊婷",50000,"Cathay",NA,"Tina","Capital Reduction","Dec",2024,"Dec_2024","Unneeded categories"
2024-12-27,"跨行轉入 − (822)0000241***091956
",50000,"Cathay",NA,"Simon","Capital Reduction","Dec",2024,"Dec_2024","Unneeded categories"
2024-12-26,"跨行費用 − −",-15,"Cathay",NA,NA,"Bank Transfer fees","Dec",2024,"Dec_2024","Other Business Expenses"
2024-12-26,"電子轉出 − (822)0000152540146385
",-12989,"Cathay","Andy",NA,NA,"Dec",2024,"Dec_2024",NA
2024-12-24,"跨行費用 − −",-15,"Cathay",NA,NA,"Bank Transfer fees","Dec",2024,"Dec_2024","Other Business Expenses"
2024-12-24,"電子轉出 − (008)0000130200094501
",-2500,"Cathay","Cleaner 5",NA,"Cleaning","Dec",2024,"Dec_2024","Cleaning"
2024-12-23,"網銀轉帳 − (013)0000699515257750
張＊凱",-600,"Cathay","張＊凱",NA,NA,"Dec",2024,"Dec_2024",NA
2024-12-23,"跨行費用 − −",-10,"Cathay",NA,NA,"Bank Transfer fees","Dec",2024,"Dec_2024","Other Business Expenses"
2024-12-23,"電子轉出 − (700)0003117411608267
",-1000,"Cathay",NA,NA,NA,"Dec",2024,"Dec_2024",NA
2024-12-22,"跨行費用 − −",-15,"Cathay",NA,NA,"Bank Transfer fees","Dec",2024,"Dec_2024","Other Business Expenses"
2024-12-22,"電子轉出 − (822)0000241540091956
",-3665,"Cathay","Simon",NA,NA,"Dec",2024,"Dec_2024",NA
2024-12-22,"跨行費用 − −",-15,"Cathay",NA,NA,"Bank Transfer fees","Dec",2024,"Dec_2024","Other Business Expenses"
2024-12-22,"電子轉出 − (007)0000018150301741
",-4000,"Cathay","Cleaner 3",NA,"Cleaning","Dec",2024,"Dec_2024","Cleaning"
2024-12-20,"存款息 − −",228,"Cathay",NA,NA,"Interest","Dec",2024,"Dec_2024","Other Business Expenses"
2024-12-16,"跨行費用 − −",-15,"Cathay",NA,NA,"Bank Transfer fees","Dec",2024,"Dec_2024","Other Business Expenses"
2024-12-16,"電子轉出 − (822)0000241540091956
",-1148,"Cathay","Simon",NA,NA,"Dec",2024,"Dec_2024",NA
2024-12-15,"跨行費用 − −",-15,"Cathay",NA,NA,"Bank Transfer fees","Dec",2024,"Dec_2024","Other Business Expenses"
2024-12-15,"電子轉出 五金雜貨 (822)0000241540091956
",-8056,"Cathay","Simon",NA,"Maintenance/Repairs/Furniture","Dec",2024,"Dec_2024","Other Business Expenses"
2024-12-15,"自行提款 0130VBAJ −",-5000,"Cathay",NA,NA,"Other Business Expenses","Dec",2024,"Dec_2024","Other Business Expenses"
2024-12-08,"跨行費用 − −",-15,"Cathay",NA,NA,"Bank Transfer fees","Dec",2024,"Dec_2024","Other Business Expenses"
2024-12-08,"電子轉出 − (009)0053459500036600
",-42560,"Cathay","Marty",NA,NA,"Dec",2024,"Dec_2024",NA
2024-12-05,"跨行轉入 Ｒｅｎｔ (808)0000015***209452
",50000,"Cathay",NA,"Andy","Rent","Dec",2024,"Dec_2024","Rent"
2024-12-05,"網銀轉帳 Ｔｉｎａ (013)0000270***032358
鄭＊婷",50000,"Cathay",NA,"Tina","Capital Reduction","Dec",2024,"Dec_2024","Unneeded categories"
2024-12-05,"跨行費用 − −",-15,"Cathay",NA,NA,"Bank Transfer fees","Dec",2024,"Dec_2024","Other Business Expenses"
2024-12-05,"電子轉出 − (822)0000241540091956
",-10600,"Cathay","Simon",NA,NA,"Dec",2024,"Dec_2024",NA
2025-07-15,"ＣＵＢＥＡｐｐ轉帳繳款",5236,"credit card",NA,NA,"Credit Card Payments","Jul",2025,"Jul_2025","Unneeded categories"
2025-07-08,"ＥｌＭａｒｑｕｅｓ",-1826,"credit card",NA,NA,"Business Meals","Jul",2025,"Jul_2025","Other Business Expenses"
2025-07-19,"高鐵嘉義站",-3240,"credit card",NA,NA,"Business Travel Expenses","Jul",2025,"Jul_2025","Other Business Expenses"
2025-07-19,"統一超商－朝天宮",-392,"credit card",NA,NA,"Business Meals","Jul",2025,"Jul_2025","Other Business Expenses"
2025-07-20,"瑪黑家居ＸＰ＆Ｔ柏林茶",-572,"credit card",NA,NA,"Business Meals","Jul",2025,"Jul_2025","Other Business Expenses"
2025-07-25,"電子化繳費稅台灣電",-182,"credit card",NA,NA,"Water and Electricity","Jul",2025,"Jul_2025","Water and Electricity"
2025-07-25,"電子化繳費稅台灣電",-20859,"credit card",NA,NA,"Water and Electricity","Jul",2025,"Jul_2025","Water and Electricity"
2025-07-28,"燒番麥商行",-3661,"credit card",NA,NA,"Business Meals","Jul",2025,"Jul_2025","Other Business Expenses"
2025-08-08,"信用卡年費提醒─註",0,"credit card",NA,NA,"Other Business Expenses","Aug",2025,"Aug_2025","Other Business Expenses"
2025-06-21,"ｗｏｏｌｌｏｏｍｏｏｌ",-1309,"credit card",NA,NA,"Business Meals","Jun",2025,"Jun_2025","Other Business Expenses"
2025-06-26,"艾風有限公司",-3927,"credit card",NA,NA,"Business Meals","Jun",2025,"Jun_2025","Other Business Expenses"
2025-09-23,"ＣＵＢＥＡｐｐ轉帳繳款",6329,"credit card",NA,NA,"Credit Card Payments","Sep",2025,"Sep_2025","Unneeded categories"
2025-09-27,"ＢＡＮＣＯ世貿店",-1133,"credit card",NA,NA,"Business Meals","Sep",2025,"Sep_2025","Other Business Expenses"
2025-10-01,"電子化繳費稅麗冠有",-3500,"credit card",NA,NA,"Internet and TV","Oct",2025,"Oct_2025","Internet and TV"
2025-10-01,"電子化繳費稅麗冠有",-3500,"credit card",NA,NA,"Internet and TV","Oct",2025,"Oct_2025","Internet and TV"
2025-10-01,"電子化繳費稅麗冠有",-3500,"credit card",NA,NA,"Internet and TV","Oct",2025,"Oct_2025","Internet and TV"
2025-10-04,"國外交易手續費 -PEAKT",-13,"credit card",NA,NA,"Business Travel Expenses","Oct",2025,"Oct_2025","Other Business Expenses"
2025-10-04,"PEAK TRAMWAYS CO LTD",-844,"credit card",NA,NA,"Business Travel Expenses","Oct",2025,"Oct_2025","Other Business Expenses"
2025-10-04,"北都數位有線電視股份有",-5600,"credit card",NA,NA,"Internet and TV","Oct",2025,"Oct_2025","Internet and TV"
2025-10-04,"北都數位有線電視股份有",-5600,"credit card",NA,NA,"Internet and TV","Oct",2025,"Oct_2025","Internet and TV"
2025-10-05,"國外交易手續費 -PICAP",-73,"credit card",NA,NA,"Business Travel Expenses","Oct",2025,"Oct_2025","Other Business Expenses"
2025-10-05,"PICA PICA",-4858,"credit card",NA,NA,"Business Meals","Oct",2025,"Oct_2025","Other Business Expenses"
2025-10-07,"藍新＊多瓦娜家居 01/03",-796,"credit card",NA,NA,"Maintenance/Repairs/Furniture","Oct",2025,"Oct_2025","Other Business Expenses"
2025-08-09,"ＣＵＢＥＡｐｐ轉帳繳款",30732,"credit card",NA,NA,"Credit Card Payments","Aug",2025,"Aug_2025","Unneeded categories"
2025-08-15,"場所ＰＬＡＣＥＥＥ",-560,"credit card",NA,NA,"Business Meals","Aug",2025,"Aug_2025","Other Business Expenses"
2025-08-15,"ＯｉｅＴａｉｐｅｉ",-3366,"credit card",NA,NA,"Business Meals","Aug",2025,"Aug_2025","Other Business Expenses"
2025-09-03,"電子化繳費稅北水自",-792,"credit card",NA,NA,"Water and Electricity","Sep",2025,"Sep_2025","Water and Electricity"
2025-09-08,"放餐飲國際有限公司",-1023,"credit card",NA,NA,"Business Meals","Sep",2025,"Sep_2025","Other Business Expenses"
2025-09-10,"年費─註",-588,"credit card",NA,NA,"Other Business Expenses","Sep",2025,"Sep_2025","Other Business Expenses"
