"month_year","room_number","monthly_gross_earnings"
"Dec_2024","515",14776.8
"Dec_2024","814",29400
"Jan_2025","1713",7200
"Jan_2025","814",71716
"Feb_2025","1713",99665
"Feb_2025","515",4744.25
"Feb_2025","716",29000
"Feb_2025","814",32100
"Mar_2025","1615",9448.9
"Mar_2025","1713",58172
"Mar_2025","513",3660
"Mar_2025","515",11088
"Mar_2025","716",18230
"Mar_2025","814",75470
"Apr_2025","1600",29400
"Apr_2025","1615",52061
"Apr_2025","1713",58360
"Apr_2025","513",57381
"Apr_2025","515",42058.8
"Apr_2025","814",68710
"May_2025","1600",83140.05
"May_2025","1615",76304
"May_2025","1713",32000
"May_2025","513",79680.82
"May_2025","515",44724
"May_2025","716",55525
"May_2025","814",60750
"Jun_2025","1600",6570
"Jun_2025","1615",40100
"Jun_2025","1713",109499.88
"Jun_2025","513",69361.68
"Jun_2025","515",91068
"Jun_2025","716",81959
"Jun_2025","814",87560
"Jul_2025","1615",23500
"Jul_2025","1713",76250
"Jul_2025","513",97800
"Jul_2025","716",77799.86
"Jul_2025","814",83400
"Aug_2025","1615",60856
"Aug_2025","1713",73375.5
"Aug_2025","513",67305
"Aug_2025","515",87813.55
"Aug_2025","716",61500
"Aug_2025","814",80130
"Sep_2025","1615",89606
"Sep_2025","1713",40630
"Sep_2025","513",82643
"Sep_2025","515",101150.2
"Sep_2025","716",66650
"Sep_2025","814",42000
"Oct_2025","1600",82976.7
"Oct_2025","1615",69150
"Oct_2025","1713",40500
"Oct_2025","513",80329.9
"Oct_2025","515",39140
"Oct_2025","716",99699.64
"Oct_2025","814",130278
