"","Month and Year","COGS","Rent","Cleaning","Water and Electricity","Internet and TV","Other Business Expenses","Gross Margin","Gross margin %","Operating Expenses","Net Income","NA"
"1","Dec_2024",3000,0,3000,0,0,13018,24048.03,88.9086192229157,0.481291983186946,24047.5487080168,173562
"2","Jan_2025",97520,93620,3900,0,0,10140,-24953.3,-34.3867090552554,0.139733514132515,-24953.4397335141,64620
"3","Feb_2025",34900,29000,5900,0,0,27604,113004.37,76.4036721835873,0.186634106889472,113004.183365893,114513
"4","Mar_2025",157446,151120,2400,3926,0,31561,-5663.84,-3.73155843875196,0.207936163248698,-5664.04793616325,72103
"5","Apr_2025",158772,150180,0,8592,0,128438,58819.18,27.0319688509433,0.590272087315304,58818.5897279127,-18220
"6","May_2025",164782,150180,10510,0,4092,19587,115136.99,41.1322540139203,0.0699738163530813,115136.920026184,22980
"7","Jun_2025",161545,150180,0,11365,0,98431,196884.12,54.9297222279261,0.274617754271751,196883.845382246,-15720
"8","Jul_2025",171221,150180,0,21041,0,26989,160418.3,48.3713178745704,0.0813805842673049,160418.218619416,29186
"9","Aug_2025",160180,150180,10000,0,0,31476,155658.52,49.2842101717042,0.0996585217027993,155658.420341478,29532
"10","Sep_2025",150972,150180,0,792,0,47669,144662.39,48.9328694134671,0.161243081361407,144662.228756919,58329
"11","Oct_2025",171880,150180,0,0,21700,106695,214633.04,55.5306077124849,0.276045020369817,214632.76395498,115037
