"transaction_date","description","amount","account","category"
2025-10-14,"樂購蝦皮－台灣小米 02/03",-3333,"credit card",NA
2025-11-13,"ＳａｋｅＭｏｍｏ",-2002,"credit card",NA
2025-11-18,"樂購蝦皮－ｂｒｉａｎｏ",-470,"credit card",NA
2025-11-18,"電子化繳費稅新台北",-3288,"credit card",NA
2025-11-19,"商線－宇拓創新股份有限",-1813,"credit card",NA
2025-11-20,"商線－宇拓創新股份有限",1813,"credit card",NA
2025-11-20,"商線－宇拓創新股份有限",-5458,"credit card",NA
2025-12-05,"電子化繳費稅遠傳電",-779,"credit card",NA
2026-01-07,"電子化繳費稅新台北",-3337,"credit card",NA
2026-01-12,"ｍｏｍｏ－志高旗艦 01-03",-998,"credit card",NA
2026-01-15,"藍新－俬儲空間迷你倉",-9918,"credit card",NA
2026-01-16,"ｍｏｍｏ－志高旗艦店",998,"credit card",NA
2026-02-02,"電子化繳費稅新台北",-2697,"credit card",NA
2026-02-05,"電子化繳費稅遠傳電",-1198,"credit card",NA
2026-12-29,"星展銀行自動扣繳",37756,"credit card",NA
2026-10-14,"樂購蝦皮－台灣小米 03/03",-3333,"credit card",NA
2026-12-08,"ＳａｋｅＭｏｍｏ",-858,"credit card",NA
2025-10-11,"ＫＩＴＥＣＯＦＦＥＥ",-370,"credit card",NA
2025-10-12,"樂購蝦皮－菲鑫有限公司",-4709,"credit card",NA
2025-10-12,"樂購蝦皮－德里伯樂企業",-6215,"credit card",NA
2025-10-12,"班尼斯國際家具名床",-2680,"credit card",NA
2025-10-13,"ＭＯＭＯ－ＥＣ３Ｄ",-3211,"credit card",NA
2025-10-14,"樂購蝦皮－台灣小米 01/03",-3333,"credit card",NA
2025-10-14,"樂購蝦皮－德里伯樂企業",6215,"credit card",NA
2025-10-18,"電子化繳費稅新台北",-2900,"credit card",NA
2025-10-31,"藍新－俬儲空間迷你倉",-9918,"credit card",NA
2025-11-04,"樂購蝦皮－ｂｒｉａｎｏ",-300,"credit card",NA
