"transaction_date","description","amount","account","recipient","sender","category"
2025-10-21,"信用卡款 − (013)02669613447359587
國＊世華商業銀行信用卡作業部　　　　　　
0000007***029221",-29417,"Cathay",NA,NA,NA
2025-10-13,"電子轉出 ｒｅｉｍｂｕｒｓｅ (822)0000241540091956
",-23120,"Cathay","Simon",NA,NA
2025-10-10,"跨行轉入 − (012)0000461***093591
",7500,"Cathay",NA,NA,NA
2025-10-10,"電子轉出 − (009)0053459500036600
",-10000,"Cathay","Marty",NA,NA
2025-09-27,"自行提款 0130VBAJ −",-19000,"Cathay",NA,NA,NA
2025-09-23,"信用卡款 國泰世華商業銀行信用卡作業部 (013)02669613447359587
國＊世華商業銀行信用卡作業部
0000007***029221",-6329,"Cathay",NA,NA,NA
2025-09-13,"跨行提款 81207438   118829A −",-2000,"Cathay",NA,NA,NA
2025-09-01,"自行提款 0130VB3A −",-25800,"Cathay",NA,NA,NA
2025-08-27,"電子轉出 ａｉｒｂｎｂ (822)0000215540116773
",-1000,"Cathay",NA,NA,NA
2025-08-22,"電子轉出 ８１４　１６１５ (009)0053459500036600
",-4500,"Cathay","Marty",NA,NA
2025-08-15,"自行提款 0130VB32 −",-10000,"Cathay",NA,NA,NA
2025-08-12,"跨行提款 81207086   04915B6 −",-2000,"Cathay",NA,NA,NA
2025-08-09,"信用卡款 國泰世華商業銀行信用卡作業部 (013)02669613447359587
國＊世華商業銀行信用卡作業部
0000007***029221",-30732,"Cathay",NA,NA,NA
2025-08-05,"自行提款 0130VBAJ −",-17400,"Cathay",NA,NA,NA
2025-08-02,"網銀轉帳 − (013)0000223***262045
李＊軒",8700,"Cathay",NA,"李＊軒",NA
2025-07-29,"自行提款 0130VHPQ −",-6000,"Cathay",NA,NA,NA
2025-07-21,"電子轉出 阿修傭金 (822)0000241540091956
",-440,"Cathay","Simon",NA,NA
2025-07-19,"跨行提款 82204954380A42B31F −",-2000,"Cathay",NA,NA,NA
2025-07-15,"信用卡款 國泰世華商業銀行信用卡作業部 (013)02669613447359587
國＊世華商業銀行信用卡作業部
0000007***029221",-5236,"Cathay",NA,NA,NA
2025-07-14,"跨行提款 009534553428697727 −",-10000,"Cathay",NA,NA,NA
2025-07-12,"跨行轉入 − (822)0000252***129590
",20000,"Cathay",NA,NA,NA
2025-07-08,"電子轉出 Ｗ１１０ (812)0020551000093942
",-18210,"Cathay",NA,NA,NA
2025-07-07,"電子轉出 ７１１　號週轉 (009)0053459500036600
",-20000,"Cathay","Marty",NA,NA
2025-07-06,"網銀轉帳 − (013)0000223***262045
李＊軒",8700,"Cathay",NA,"李＊軒",NA
2025-07-03,"跨行提款 808L0679O328760226 −",-2000,"Cathay",NA,NA,NA
2025-06-26,"電子轉出 Ｗ１１０ (806)0000080221492500
",-1500,"Cathay","Handyman 1",NA,NA
2025-06-23,"跨行轉入 １０月２３到３１ (012)0000461***093591
",20160,"Cathay",NA,NA,NA
2025-06-23,"跨行轉入 − (012)0000461***093591
",100,"Cathay",NA,NA,NA
2025-06-22,"電子轉出 − (009)0053459500036600
",-2440,"Cathay","Marty",NA,NA
2025-06-22,"電子轉出 − (009)0053459500036600
",-500,"Cathay","Marty",NA,NA
2025-06-08,"跨行轉入 − (812)0020941***161163
",8700,"Cathay",NA,NA,NA
2025-06-07,"網銀轉帳 客服的錢 (013)0000270506032358
鄭＊婷",-8800,"Cathay","Tina",NA,NA
2025-05-21,"自行提款 0130VBAJ −",-15000,"Cathay",NA,NA,NA
2025-05-11,"網銀轉帳 Ｔｉｎａ　Ｒｅｉｍｂｕｒｓｅ (013)0000270506032358
鄭＊婷",-31180,"Cathay","Tina",NA,NA
2025-05-03,"網銀轉帳 − (013)0000222506144844
陳＊君",-500,"Cathay","陳＊君",NA,NA
2025-05-01,"網銀轉帳 − (013)0000223***262045
李＊軒",8700,"Cathay",NA,"李＊軒",NA
2025-04-28,"自行提款 0130VBAJ −",-21300,"Cathay",NA,NA,NA
2025-04-26,"ＡＴＭ存 0130VBAJ −",5000,"Cathay",NA,NA,NA
2025-04-26,"自行提款 0130VB3A −",-1500,"Cathay",NA,NA,NA
2025-04-23,"電子轉出 − (009)0053459500036600
",-4880,"Cathay","Marty",NA,NA
2025-04-21,"自行提款 0130VBAJ −",-3900,"Cathay",NA,NA,NA
2025-04-15,"電子轉出 − (009)0053459500036600
",-500,"Cathay","Marty",NA,NA
2025-04-10,"跨行轉入 ２天住宿費用１６１５ (052)0011520***036570
",4000,"Cathay",NA,NA,NA
2025-04-06,"自行提款 0130VBAJ −",-500,"Cathay",NA,NA,NA
2025-04-06,"自行提款 0130VBAJ −",-1000,"Cathay",NA,NA,NA
2025-04-02,"ＡＴＭ存 0130VBAJ −",100,"Cathay",NA,NA,NA
2025-04-02,"自行提款 0130VBAJ −",-14500,"Cathay",NA,NA,NA
2025-04-02,"跨行轉入 − (009)0053459***036600
",14500,"Cathay",NA,NA,NA
2025-03-29,"ＡＴＭ存 0130VP3T −",4500,"Cathay",NA,NA,NA
2025-03-28,"自行提款 0130VBAJ −",-15300,"Cathay",NA,NA,NA
2025-03-21,"電子轉出 − (009)0053459500036600
",-300,"Cathay","Marty",NA,NA
2025-03-14,"電子轉出 − (007)0000010668151280
",-4850,"Cathay",NA,NA,NA
2025-03-09,"電子轉出 Ｍａｒｔｙ　代客 (009)0053459500036600
",-450,"Cathay","Marty",NA,NA
2025-02-24,"自行提款 0130VHKP −",-6000,"Cathay",NA,NA,NA
2025-02-08,"電子轉出 Ｓｉｍｏｎ　Ｒｅｉｍｂｕｒ　２ (822)0000241540091956
",-37098,"Cathay","Simon",NA,NA
2025-02-08,"電子轉出 Ａｎｄｙ　Ｒｅｉｎｂｕｒ　２ (822)0000152540146385
",-32912,"Cathay","Andy",NA,NA
2025-02-04,"電子轉出 − (006)0001405765859712
",-33560,"Cathay","814 Landlord",NA,NA
2025-02-03,"現金 彭文 −",28600,"Cathay",NA,NA,NA
2025-01-28,"電子轉出 − (822)0000186540138330
",-10480,"Cathay",NA,NA,NA
2025-01-27,"電子轉出 − (822)0000186540138330
",-12000,"Cathay",NA,NA,NA
2025-01-23,"電子轉出 − (822)0000241540091956
",-14617,"Cathay","Simon",NA,NA
2025-01-23,"電子轉出 − (009)0053459500036600
",-35383,"Cathay","Marty",NA,NA
2025-01-22,"ＡＴＭ存 0130VHRF −",27800,"Cathay",NA,NA,NA
2025-01-22,"ＡＴＭ存 0130VHRF −",60,"Cathay",NA,NA,NA
2025-01-17,"跨行轉入 − (822)0000241***091956
",1000,"Cathay",NA,NA,NA
2025-01-17,"跨行提款 82204957068D9AC96F −",-1000,"Cathay",NA,NA,NA
2025-01-14,"跨行轉入 − (822)0000241***091956
",10000,"Cathay",NA,NA,NA
2025-01-14,"自行提款 0130VBAJ −",-10000,"Cathay",NA,NA,NA
2024-12-30,"電子轉出 − (008)0000129200040033
",-26500,"Cathay","1713 Landlord",NA,NA
2024-12-26,"電子轉出 − (822)0000152540146385
",-12989,"Cathay","Andy",NA,NA
2024-12-24,"電子轉出 − (008)0000130200094501
",-2500,"Cathay",NA,NA,NA
2024-12-23,"網銀轉帳 − (013)0000699515257750
張＊凱",-600,"Cathay","張＊凱",NA,NA
2024-12-23,"電子轉出 − (700)0003117411608267
",-1000,"Cathay",NA,NA,NA
2024-12-22,"電子轉出 − (822)0000241540091956
",-3665,"Cathay","Simon",NA,NA
2024-12-22,"電子轉出 − (007)0000018150301741
",-4000,"Cathay","Cleaner 3",NA,NA
2024-12-16,"電子轉出 − (822)0000241540091956
",-1148,"Cathay","Simon",NA,NA
2024-12-15,"自行提款 0130VBAJ −",-5000,"Cathay",NA,NA,NA
2024-12-08,"電子轉出 − (009)0053459500036600
",-42560,"Cathay","Marty",NA,NA
2024-12-05,"電子轉出 − (822)0000241540091956
",-10600,"Cathay","Simon",NA,NA
