"Month and Year","COGS","Rent","Cleaning","Water and Electricity","Internet and TV","Other Business Expenses - COGS","Other Business Expenses - Operating Expenses","Gross Margin","Gross margin %","Operating Expenses","Revenue"
"Dec_2024",29248,-23500,9500,0,0,43248,-228,-2199.97,-8.13356832272074,-0.00842944939058408,-2199.96157055061
"Jan_2025",200140,159003,3900,0,0,37237,0,-35013.3,-21.2038997933102,0,-35013.3
"Feb_2025",167974,62560,5900,0,0,99514,0,10430.37,5.84647674269414,0,10430.37
"Mar_2025",238569,222123,2400,3926,0,10120,25791,-42286.84,-21.5439039391048,0.131397575816366,-42286.9713975758
"Apr_2025",212632,163910,0,8592,0,40130,73078,117159.18,35.5252617732227,0.221588703494132,117158.958411297
"May_2025",194505,150180,10510,0,2000,31815,19452,94113.99,32.6083845002715,0.0673968126629505,94113.9226031874
"Jun_2025",207255,150180,0,11365,0,45710,62221,180134.12,46.4995299816371,0.160616281634342,180133.959383718
"Jul_2025",202519,160098,0,21041,0,21380,27901,202279.3,49.9703926622221,0.0689256847175495,202279.231074315
"Aug_2025",173330,150180,10000,0,0,13150,21326,151208.52,46.5918560299098,0.0657117682055122,151208.454288232
"Sep_2025",203685,200180,0,792,0,2713,46956,91949.39,31.1023998256766,0.158831318643274,91949.2311686814
"Oct_2025",315382,170180,0,0,21700,123502,6313,78631.04,19.956456263478,0.0160223123579869,78631.0239776876
