"checkout_date","room_number","cleaning_payment","keydrop_payment"
2025-05-07,"310",0,0
2025-05-07,"814",0,0
2025-05-07,"1713",0,0
2025-05-07,"716",1000,100
2025-05-07,"1615",0,0
2025-05-07,"513",0,0
2025-05-07,"515",0,0
2025-05-07,"1600",0,0
2025-05-08,"310",0,0
2025-05-08,"814",0,0
2025-05-08,"1713",0,0
2025-05-08,"716",1000,100
2025-05-08,"1615",0,0
2025-05-08,"513",1000,100
2025-05-08,"515",0,0
2025-05-08,"1600",0,0
2025-05-09,"310",0,0
2025-05-09,"814",1000,100
2025-05-09,"1713",0,0
2025-05-09,"716",0,0
2025-05-09,"1615",0,0
2025-05-09,"513",0,0
2025-05-09,"515",0,0
2025-05-09,"1600",0,0
2025-05-12,"310",0,0
2025-05-12,"814",0,0
2025-05-12,"1713",0,0
2025-05-12,"716",1000,100
2025-05-12,"1615",0,0
2025-05-12,"513",0,0
2025-05-12,"515",0,0
2025-05-12,"1600",0,0
2025-05-19,"310",0,0
2025-05-19,"814",1000,100
2025-05-19,"1713",0,0
2025-05-19,"716",0,0
2025-05-19,"1615",0,0
2025-05-19,"513",0,0
2025-05-19,"515",0,0
2025-05-19,"1600",0,0
2025-05-20,"310",0,0
2025-05-20,"814",0,0
2025-05-20,"1713",0,0
2025-05-20,"716",0,0
2025-05-20,"1615",1000,100
2025-05-20,"513",0,0
2025-05-20,"515",0,0
2025-05-20,"1600",0,0
2025-05-21,"310",0,0
2025-05-21,"814",0,0
2025-05-21,"1713",0,0
2025-05-21,"716",0,0
2025-05-21,"1615",0,0
2025-05-21,"513",0,0
2025-05-21,"515",0,0
2025-05-21,"1600",1000,100
2025-05-24,"310",0,0
2025-05-24,"814",0,0
2025-05-24,"1713",0,0
2025-05-24,"716",0,0
2025-05-24,"1615",1000,100
2025-05-24,"513",0,0
2025-05-24,"515",0,0
2025-05-24,"1600",0,0
2025-05-26,"310",0,0
2025-05-26,"814",1000,100
2025-05-26,"1713",0,0
2025-05-26,"716",1000,0
2025-05-26,"1615",0,0
2025-05-26,"513",0,0
2025-05-26,"515",0,0
2025-05-26,"1600",0,0
2025-05-28,"310",0,0
2025-05-28,"814",0,0
2025-05-28,"1713",0,0
2025-05-28,"716",0,0
2025-05-28,"1615",0,0
2025-05-28,"513",0,0
2025-05-28,"515",1000,100
2025-05-28,"1600",0,0
2025-05-29,"310",0,0
2025-05-29,"814",0,0
2025-05-29,"1713",0,0
2025-05-29,"716",0,0
2025-05-29,"1615",0,0
2025-05-29,"513",0,0
2025-05-29,"515",0,0
2025-05-29,"1600",1000,100
2025-05-30,"310",0,0
2025-05-30,"814",0,0
2025-05-30,"1713",0,0
2025-05-30,"716",1000,100
2025-05-30,"1615",0,0
2025-05-30,"513",0,0
2025-05-30,"515",0,0
2025-05-30,"1600",0,0
2025-06-01,"310",0,0
2025-06-01,"814",1000,100
2025-06-01,"1713",0,0
2025-06-01,"716",0,0
2025-06-01,"1615",0,0
2025-06-01,"513",0,0
2025-06-01,"515",0,0
2025-06-01,"1600",0,0
2025-06-04,"310",0,0
2025-06-04,"814",0,0
2025-06-04,"1713",0,0
2025-06-04,"716",1000,100
2025-06-04,"1615",1000,100
2025-06-04,"513",0,0
2025-06-04,"515",0,0
2025-06-04,"1600",0,0
2025-06-06,"310",0,NA
2025-06-06,"814",0,NA
2025-06-06,"1713",0,NA
2025-06-06,"716",0,NA
2025-06-06,"1615",0,NA
2025-06-06,"513",0,NA
2025-06-06,"515",1000,NA
2025-06-06,"1600",0,NA
2025-06-07,"310",0,0
2025-06-07,"814",0,0
2025-06-07,"1713",1000,100
2025-06-07,"716",0,0
2025-06-07,"1615",0,0
2025-06-07,"513",0,0
2025-06-07,"515",0,0
2025-06-07,"1600",0,0
2025-06-10,"310",0,0
2025-06-10,"814",0,0
2025-06-10,"1713",1000,100
2025-06-10,"716",0,0
2025-06-10,"1615",0,0
2025-06-10,"513",0,0
2025-06-10,"515",0,0
2025-06-10,"1600",0,0
2025-06-11,"310",0,0
2025-06-11,"814",0,0
2025-06-11,"1713",0,0
2025-06-11,"716",0,0
2025-06-11,"1615",1000,100
2025-06-11,"513",0,0
2025-06-11,"515",0,0
2025-06-11,"1600",0,0
2025-06-12,"310",0,0
2025-06-12,"814",1000,100
2025-06-12,"1713",0,0
2025-06-12,"716",0,0
2025-06-12,"1615",0,0
2025-06-12,"513",0,0
2025-06-12,"515",0,0
2025-06-12,"1600",0,0
2025-06-17,"310",0,0
2025-06-17,"814",0,0
2025-06-17,"1713",0,0
2025-06-17,"716",0,0
2025-06-17,"1615",1000,100
2025-06-17,"513",0,0
2025-06-17,"515",0,0
2025-06-17,"1600",0,0
2025-06-19,"310",0,0
2025-06-19,"814",1000,100
2025-06-19,"1713",0,0
2025-06-19,"716",0,0
2025-06-19,"1615",0,0
2025-06-19,"513",0,0
2025-06-19,"515",0,0
2025-06-19,"1600",0,0
2025-06-20,"310",0,0
2025-06-20,"814",0,0
2025-06-20,"1713",0,0
2025-06-20,"716",0,0
2025-06-20,"1615",0,0
2025-06-20,"513",0,0
2025-06-20,"515",1000,100
2025-06-20,"1600",0,0
2025-06-21,"310",0,0
2025-06-21,"814",0,0
2025-06-21,"1713",0,0
2025-06-21,"716",0,0
2025-06-21,"1615",0,0
2025-06-21,"513",1000,100
2025-06-21,"515",0,0
2025-06-21,"1600",0,0
2025-06-22,"310",0,0
2025-06-22,"814",0,0
2025-06-22,"1713",0,0
2025-06-22,"716",1000,100
2025-06-22,"1615",0,0
2025-06-22,"513",0,0
2025-06-22,"515",0,0
2025-06-22,"1600",0,0
2025-06-23,"310",0,0
2025-06-23,"814",0,0
2025-06-23,"1713",0,0
2025-06-23,"716",0,0
2025-06-23,"1615",1000,100
2025-06-23,"513",0,0
2025-06-23,"515",0,0
2025-06-23,"1600",0,0
2025-06-25,"310",0,0
2025-06-25,"814",1000,100
2025-06-25,"1713",0,0
2025-06-25,"716",0,0
2025-06-25,"1615",0,0
2025-06-25,"513",0,0
2025-06-25,"515",0,0
2025-06-25,"1600",0,0
2025-06-28,"310",0,0
2025-06-28,"814",0,0
2025-06-28,"1713",0,0
2025-06-28,"716",0,0
2025-06-28,"1615",0,0
2025-06-28,"513",1000,100
2025-06-28,"515",0,0
2025-06-28,"1600",0,0
2025-07-01,"310",0,0
2025-07-01,"814",1000,100
2025-07-01,"1713",1000,100
2025-07-01,"716",0,0
2025-07-01,"1615",0,0
2025-07-01,"513",0,0
2025-07-01,"515",0,0
2025-07-01,"1600",0,0
2025-07-02,"310",0,0
2025-07-02,"814",0,0
2025-07-02,"1713",0,0
2025-07-02,"716",1000,100
2025-07-02,"1615",0,0
2025-07-02,"513",0,0
2025-07-02,"515",0,0
2025-07-02,"1600",0,0
2025-07-05,"310",0,0
2025-07-05,"814",0,0
2025-07-05,"1713",1000,100
2025-07-05,"716",0,100
2025-07-05,"1615",0,0
2025-07-05,"513",1000,100
2025-07-05,"515",0,0
2025-07-05,"1600",0,0
2025-07-06,"310",0,0
2025-07-06,"814",1000,100
2025-07-06,"1713",0,0
2025-07-06,"716",0,0
2025-07-06,"1615",0,0
2025-07-06,"513",0,0
2025-07-06,"515",0,0
2025-07-06,"1600",0,0
2025-07-10,"310",0,0
2025-07-10,"814",0,0
2025-07-10,"1713",0,0
2025-07-10,"716",1000,0
2025-07-10,"1615",0,0
2025-07-10,"513",1000,100
2025-07-10,"515",0,0
2025-07-10,"1600",0,0
2025-07-16,"310",0,0
2025-07-16,"814",0,0
2025-07-16,"1713",0,0
2025-07-16,"716",1000,100
2025-07-16,"1615",0,0
2025-07-16,"513",0,0
2025-07-16,"515",0,0
2025-07-16,"1600",0,0
2025-07-18,"310",0,0
2025-07-18,"814",0,0
2025-07-18,"1713",1000,100
2025-07-18,"716",0,0
2025-07-18,"1615",0,0
2025-07-18,"513",0,0
2025-07-18,"515",0,0
2025-07-18,"1600",0,0
2025-07-21,"310",0,0
2025-07-21,"814",0,0
2025-07-21,"1713",1000,100
2025-07-21,"716",0,0
2025-07-21,"1615",0,0
2025-07-21,"513",0,0
2025-07-21,"515",1000,100
2025-07-21,"1600",0,0
2025-07-24,"310",0,0
2025-07-24,"814",1000,100
2025-07-24,"1713",1000,100
2025-07-24,"716",1000,100
2025-07-24,"1615",0,0
2025-07-24,"513",0,0
2025-07-24,"515",0,0
2025-07-24,"1600",0,0
2025-07-26,"310",0,0
2025-07-26,"814",0,0
2025-07-26,"1713",0,0
2025-07-26,"716",0,0
2025-07-26,"1615",0,0
2025-07-26,"513",0,0
2025-07-26,"515",1000,100
2025-07-26,"1600",0,0
2025-07-27,"310",0,0
2025-07-27,"814",0,0
2025-07-27,"1713",0,0
2025-07-27,"716",0,0
2025-07-27,"1615",1000,0
2025-07-27,"513",1000,100
2025-07-27,"515",0,0
2025-07-27,"1600",0,0
2025-07-29,"310",0,0
2025-07-29,"814",0,0
2025-07-29,"1713",1000,100
2025-07-29,"716",0,0
2025-07-29,"1615",0,0
2025-07-29,"513",0,0
2025-07-29,"515",0,0
2025-07-29,"1600",0,0
2025-07-31,"310",0,0
2025-07-31,"814",1000,100
2025-07-31,"1713",0,0
2025-07-31,"716",0,0
2025-07-31,"1615",0,0
2025-07-31,"513",0,0
2025-07-31,"515",1000,100
2025-07-31,"1600",0,0
2025-08-01,"310",0,0
2025-08-01,"814",0,0
2025-08-01,"1713",0,0
2025-08-01,"716",1000,100
2025-08-01,"1615",0,0
2025-08-01,"513",0,0
2025-08-01,"515",0,0
2025-08-01,"1600",0,0
2025-08-03,"310",0,0
2025-08-03,"814",0,0
2025-08-03,"1713",0,0
2025-08-03,"716",0,0
2025-08-03,"1615",1000,100
2025-08-03,"513",0,0
2025-08-03,"515",0,0
2025-08-03,"1600",0,0
2025-08-04,"310",0,0
2025-08-04,"814",0,0
2025-08-04,"1713",0,0
2025-08-04,"716",0,0
2025-08-04,"1615",0,0
2025-08-04,"513",1000,100
2025-08-04,"515",0,0
2025-08-04,"1600",0,0
2025-08-08,"310",0,0
2025-08-08,"814",0,0
2025-08-08,"1713",0,0
2025-08-08,"716",0,0
2025-08-08,"1615",1000,100
2025-08-08,"513",1000,100
2025-08-08,"515",0,0
2025-08-08,"1600",0,0
2025-08-09,"310",0,NA
2025-08-09,"814",0,NA
2025-08-09,"1713",1000,NA
2025-08-09,"716",0,NA
2025-08-09,"1615",0,NA
2025-08-09,"513",0,NA
2025-08-09,"515",0,NA
2025-08-09,"1600",0,NA
2025-08-10,"310",0,0
2025-08-10,"814",0,0
2025-08-10,"1713",0,0
2025-08-10,"716",1000,100
2025-08-10,"1615",0,0
2025-08-10,"513",0,0
2025-08-10,"515",1000,100
2025-08-10,"1600",0,0
2025-08-13,"310",0,0
2025-08-13,"814",0,0
2025-08-13,"1713",0,0
2025-08-13,"716",0,0
2025-08-13,"1615",1000,100
2025-08-13,"513",1000,100
2025-08-13,"515",0,0
2025-08-13,"1600",0,0
2025-08-15,"310",0,0
2025-08-15,"814",1000,100
2025-08-15,"1713",0,0
2025-08-15,"716",0,0
2025-08-15,"1615",0,0
2025-08-15,"513",0,0
2025-08-15,"515",1000,100
2025-08-15,"1600",0,0
2025-08-17,"310",0,0
2025-08-17,"814",0,0
2025-08-17,"1713",1000,100
2025-08-17,"716",0,0
2025-08-17,"1615",0,0
2025-08-17,"513",1000,100
2025-08-17,"515",0,0
2025-08-17,"1600",0,0
2025-08-18,"310",0,0
2025-08-18,"814",0,0
2025-08-18,"1713",0,0
2025-08-18,"716",1000,100
2025-08-18,"1615",1000,100
2025-08-18,"513",0,0
2025-08-18,"515",0,0
2025-08-18,"1600",0,0
2025-08-21,"310",0,0
2025-08-21,"814",0,0
2025-08-21,"1713",1000,100
2025-08-21,"716",0,0
2025-08-21,"1615",0,0
2025-08-21,"513",0,0
2025-08-21,"515",1000,100
2025-08-21,"1600",0,0
2025-08-22,"310",0,0
2025-08-22,"814",1000,100
2025-08-22,"1713",0,0
2025-08-22,"716",1000,100
2025-08-22,"1615",0,0
2025-08-22,"513",0,0
2025-08-22,"515",0,0
2025-08-22,"1600",0,0
2025-08-23,"310",0,0
2025-08-23,"814",0,0
2025-08-23,"1713",0,0
2025-08-23,"716",0,0
2025-08-23,"1615",0,0
2025-08-23,"513",1000,100
2025-08-23,"515",0,0
2025-08-23,"1600",0,0
2025-08-24,"310",0,0
2025-08-24,"814",0,0
2025-08-24,"1713",1000,100
2025-08-24,"716",0,0
2025-08-24,"1615",0,0
2025-08-24,"513",0,0
2025-08-24,"515",0,0
2025-08-24,"1600",0,0
2025-08-25,"310",0,0
2025-08-25,"814",1000,100
2025-08-25,"1713",0,0
2025-08-25,"716",0,0
2025-08-25,"1615",0,0
2025-08-25,"513",0,0
2025-08-25,"515",0,0
2025-08-25,"1600",0,0
2025-08-26,"310",0,0
2025-08-26,"814",0,0
2025-08-26,"1713",0,0
2025-08-26,"716",0,0
2025-08-26,"1615",1000,100
2025-08-26,"513",0,0
2025-08-26,"515",0,0
2025-08-26,"1600",0,0
2025-08-27,"310",0,0
2025-08-27,"814",0,0
2025-08-27,"1713",0,0
2025-08-27,"716",1000,100
2025-08-27,"1615",0,0
2025-08-27,"513",1000,100
2025-08-27,"515",1000,100
2025-08-27,"1600",0,0
2025-08-30,"310",0,0
2025-08-30,"814",0,0
2025-08-30,"1713",1000,100
2025-08-30,"716",0,0
2025-08-30,"1615",0,0
2025-08-30,"513",0,0
2025-08-30,"515",0,0
2025-08-30,"1600",0,0
2025-08-31,"310",0,0
2025-08-31,"814",1000,100
2025-08-31,"1713",0,0
2025-08-31,"716",0,0
2025-08-31,"1615",0,0
2025-08-31,"513",1000,100
2025-08-31,"515",0,0
2025-08-31,"1600",0,0
2025-09-01,"310",0,0
2025-09-01,"814",0,0
2025-09-01,"1713",0,0
2025-09-01,"716",0,0
2025-09-01,"1615",1200,100
2025-09-01,"513",0,0
2025-09-01,"515",1200,100
2025-09-01,"1600",0,0
2025-09-03,"310",0,0
2025-09-03,"814",0,0
2025-09-03,"1713",1200,100
2025-09-03,"716",0,0
2025-09-03,"1615",0,0
2025-09-03,"513",0,0
2025-09-03,"515",0,0
2025-09-03,"1600",0,0
2025-09-05,"310",0,0
2025-09-05,"814",0,0
2025-09-05,"1713",0,0
2025-09-05,"716",0,0
2025-09-05,"1615",1200,100
2025-09-05,"513",0,0
2025-09-05,"515",0,0
2025-09-05,"1600",0,0
2025-09-08,"310",0,0
2025-09-08,"814",0,100
2025-09-08,"1713",1200,100
2025-09-08,"716",0,0
2025-09-08,"1615",0,0
2025-09-08,"513",0,0
2025-09-08,"515",0,0
2025-09-08,"1600",0,0
2025-09-09,"310",0,0
2025-09-09,"814",0,0
2025-09-09,"1713",0,0
2025-09-09,"716",0,0
2025-09-09,"1615",1200,100
2025-09-09,"513",0,0
2025-09-09,"515",0,0
2025-09-09,"1600",0,0
2025-09-11,"310",0,0
2025-09-11,"814",0,0
2025-09-11,"1713",0,0
2025-09-11,"716",1200,100
2025-09-11,"1615",0,0
2025-09-11,"513",0,0
2025-09-11,"515",0,0
2025-09-11,"1600",0,0
2025-09-12,"310",0,0
2025-09-12,"814",0,0
2025-09-12,"1713",1200,100
2025-09-12,"716",0,0
2025-09-12,"1615",0,0
2025-09-12,"513",0,0
2025-09-12,"515",0,0
2025-09-12,"1600",0,0
2025-09-14,"310",0,0
2025-09-14,"814",0,0
2025-09-14,"1713",0,0
2025-09-14,"716",0,0
2025-09-14,"1615",1200,100
2025-09-14,"513",0,0
2025-09-14,"515",1200,100
2025-09-14,"1600",0,0
2025-09-15,"310",0,NA
2025-09-15,"814",1200,NA
2025-09-15,"1713",0,NA
2025-09-15,"716",0,NA
2025-09-15,"1615",0,NA
2025-09-15,"513",0,NA
2025-09-15,"515",0,NA
2025-09-15,"1600",0,NA
2025-09-16,"310",0,0
2025-09-16,"814",0,0
2025-09-16,"1713",0,0
2025-09-16,"716",1200,100
2025-09-16,"1615",0,0
2025-09-16,"513",0,0
2025-09-16,"515",0,0
2025-09-16,"1600",0,0
2025-09-19,"310",0,0
2025-09-19,"814",0,0
2025-09-19,"1713",0,0
2025-09-19,"716",0,0
2025-09-19,"1615",1200,100
2025-09-19,"513",0,0
2025-09-19,"515",0,0
2025-09-19,"1600",0,0
2025-09-21,"310",0,0
2025-09-21,"814",1200,100
2025-09-21,"1713",0,0
2025-09-21,"716",1200,100
2025-09-21,"1615",0,0
2025-09-21,"513",0,0
2025-09-21,"515",0,0
2025-09-21,"1600",0,0
2025-09-25,"310",0,0
2025-09-25,"814",0,0
2025-09-25,"1713",1200,0
2025-09-25,"716",0,0
2025-09-25,"1615",0,0
2025-09-25,"513",0,0
2025-09-25,"515",1200,100
2025-09-25,"1600",0,0
2025-09-27,"310",0,0
2025-09-27,"814",0,0
2025-09-27,"1713",0,0
2025-09-27,"716",0,0
2025-09-27,"1615",1200,100
2025-09-27,"513",0,0
2025-09-27,"515",0,0
2025-09-27,"1600",0,0
2025-09-28,"310",0,0
2025-09-28,"814",0,0
2025-09-28,"1713",0,0
2025-09-28,"716",1200,100
2025-09-28,"1615",0,0
2025-09-28,"513",0,0
2025-09-28,"515",0,0
2025-09-28,"1600",0,0
2025-09-29,"310",0,0
2025-09-29,"814",1200,100
2025-09-29,"1713",0,0
2025-09-29,"716",0,0
2025-09-29,"1615",0,0
2025-09-29,"513",0,0
2025-09-29,"515",0,0
2025-09-29,"1600",0,0
2025-10-01,"310",0,0
2025-10-01,"814",0,0
2025-10-01,"1713",1200,100
2025-10-01,"716",0,0
2025-10-01,"1615",1200,100
2025-10-01,"513",1200,100
2025-10-01,"515",0,0
2025-10-01,"1600",0,0
2025-10-05,"310",0,0
2025-10-05,"814",0,0
2025-10-05,"1713",0,0
2025-10-05,"716",1200,100
2025-10-05,"1615",0,0
2025-10-05,"513",0,0
2025-10-05,"515",0,0
2025-10-05,"1600",0,0
2025-10-06,"310",0,NA
2025-10-06,"814",1200,NA
2025-10-06,"1713",0,NA
2025-10-06,"716",0,NA
2025-10-06,"1615",0,NA
2025-10-06,"513",0,NA
2025-10-06,"515",0,NA
2025-10-06,"1600",0,NA
2025-10-07,"310",0,0
2025-10-07,"814",0,0
2025-10-07,"1713",0,0
2025-10-07,"716",0,0
2025-10-07,"1615",0,0
2025-10-07,"513",1200,100
2025-10-07,"515",0,0
2025-10-07,"1600",0,0
2025-10-08,"310",0,0
2025-10-08,"814",0,0
2025-10-08,"1713",0,0
2025-10-08,"716",0,0
2025-10-08,"1615",1200,100
2025-10-08,"513",0,0
2025-10-08,"515",0,0
2025-10-08,"1600",0,0
2025-10-09,"310",0,NA
2025-10-09,"814",0,NA
2025-10-09,"1713",0,NA
2025-10-09,"716",0,NA
2025-10-09,"1615",0,NA
2025-10-09,"513",0,NA
2025-10-09,"515",0,NA
2025-10-09,"1600",1200,NA
2025-10-11,"310",0,0
2025-10-11,"814",1200,100
2025-10-11,"1713",0,0
2025-10-11,"716",0,0
2025-10-11,"1615",0,0
2025-10-11,"513",1200,100
2025-10-11,"515",1200,100
2025-10-11,"1600",0,0
2025-10-12,"310",0,0
2025-10-12,"814",0,0
2025-10-12,"1713",1200,100
2025-10-12,"716",1200,100
2025-10-12,"1615",0,0
2025-10-12,"513",0,0
2025-10-12,"515",0,0
2025-10-12,"1600",0,0
2025-10-13,"310",0,0
2025-10-13,"814",0,0
2025-10-13,"1713",0,0
2025-10-13,"716",0,0
2025-10-13,"1615",1200,100
2025-10-13,"513",0,0
2025-10-13,"515",0,0
2025-10-13,"1600",0,0
2025-10-14,"310",0,0
2025-10-14,"814",1200,100
2025-10-14,"1713",0,0
2025-10-14,"716",0,0
2025-10-14,"1615",0,0
2025-10-14,"513",0,0
2025-10-14,"515",0,0
2025-10-14,"1600",0,0
2025-10-15,"310",0,0
2025-10-15,"814",0,0
2025-10-15,"1713",0,0
2025-10-15,"716",0,0
2025-10-15,"1615",0,0
2025-10-15,"513",1200,100
2025-10-15,"515",0,0
2025-10-15,"1600",0,0
2025-10-18,"310",0,0
2025-10-18,"814",0,0
2025-10-18,"1713",0,0
2025-10-18,"716",1200,100
2025-10-18,"1615",0,0
2025-10-18,"513",1200,100
2025-10-18,"515",0,0
2025-10-18,"1600",0,0
2025-10-20,"310",0,0
2025-10-20,"814",0,0
2025-10-20,"1713",1200,100
2025-10-20,"716",0,0
2025-10-20,"1615",0,0
2025-10-20,"513",0,0
2025-10-20,"515",0,0
2025-10-20,"1600",0,0
2025-10-21,"310",0,0
2025-10-21,"814",1200,100
2025-10-21,"1713",0,0
2025-10-21,"716",0,0
2025-10-21,"1615",1200,100
2025-10-21,"513",0,0
2025-10-21,"515",0,0
2025-10-21,"1600",0,0
2025-10-22,"310",0,0
2025-10-22,"814",0,0
2025-10-22,"1713",0,0
2025-10-22,"716",0,0
2025-10-22,"1615",0,0
2025-10-22,"513",0,0
2025-10-22,"515",1200,100
2025-10-22,"1600",0,0
2025-10-25,"310",0,0
2025-10-25,"814",0,0
2025-10-25,"1713",0,0
2025-10-25,"716",0,0
2025-10-25,"1615",0,0
2025-10-25,"513",0,0
2025-10-25,"515",1200,100
2025-10-25,"1600",0,0
2025-10-26,"310",0,0
2025-10-26,"814",1200,100
2025-10-26,"1713",0,0
2025-10-26,"716",0,0
2025-10-26,"1615",0,0
2025-10-26,"513",1200,100
2025-10-26,"515",0,0
2025-10-26,"1600",0,0
2025-10-29,"310",0,0
2025-10-29,"814",0,0
2025-10-29,"1713",0,0
2025-10-29,"716",0,0
2025-10-29,"1615",0,0
2025-10-29,"513",1200,100
2025-10-29,"515",1200,100
2025-10-29,"1600",0,0
2025-10-31,"310",0,0
2025-10-31,"814",0,0
2025-10-31,"1713",0,0
2025-10-31,"716",0,0
2025-10-31,"1615",0,0
2025-10-31,"513",0,0
2025-10-31,"515",0,0
2025-10-31,"1600",1200,100
2025-11-01,"310",0,0
2025-11-01,"814",0,0
2025-11-01,"1713",0,0
2025-11-01,"716",0,0
2025-11-01,"1615",0,0
2025-11-01,"513",0,0
2025-11-01,"515",1200,100
2025-11-01,"1600",0,0
2025-11-02,"310",0,0
2025-11-02,"814",0,0
2025-11-02,"1713",0,0
2025-11-02,"716",0,0
2025-11-02,"1615",1200,100
2025-11-02,"513",0,0
2025-11-02,"515",0,0
2025-11-02,"1600",0,0
2025-11-03,"310",0,0
2025-11-03,"814",0,0
2025-11-03,"1713",0,0
2025-11-03,"716",0,0
2025-11-03,"1615",0,0
2025-11-03,"513",0,0
2025-11-03,"515",0,0
2025-11-03,"1600",1200,100
2025-11-04,"310",0,0
2025-11-04,"814",0,0
2025-11-04,"1713",1200,0
2025-11-04,"716",0,0
2025-11-04,"1615",0,0
2025-11-04,"513",1200,100
2025-11-04,"515",1200,100
2025-11-04,"1600",0,0
2025-11-08,"310",0,0
2025-11-08,"814",0,0
2025-11-08,"1713",0,0
2025-11-08,"716",1200,100
2025-11-08,"1615",0,0
2025-11-08,"513",0,0
2025-11-08,"515",0,0
2025-11-08,"1600",0,0
2025-11-11,"310",0,0
2025-11-11,"814",0,0
2025-11-11,"1713",0,0
2025-11-11,"716",0,0
2025-11-11,"1615",0,0
2025-11-11,"513",0,0
2025-11-11,"515",0,0
2025-11-11,"1600",1200,100
2025-11-12,"310",1200,100
2025-11-12,"814",0,0
2025-11-12,"1713",0,0
2025-11-12,"716",0,0
2025-11-12,"1615",0,0
2025-11-12,"513",0,0
2025-11-12,"515",0,0
2025-11-12,"1600",0,0
2025-11-13,"310",0,0
2025-11-13,"814",0,0
2025-11-13,"1713",0,0
2025-11-13,"716",1200,100
2025-11-13,"1615",0,0
2025-11-13,"513",1200,0
2025-11-13,"515",0,0
2025-11-13,"1600",0,0
2025-11-15,"310",0,0
2025-11-15,"814",0,0
2025-11-15,"1713",0,0
2025-11-15,"716",0,0
2025-11-15,"1615",1200,100
2025-11-15,"513",0,0
2025-11-15,"515",0,0
2025-11-15,"1600",1200,100
2025-11-16,"310",0,0
2025-11-16,"814",0,0
2025-11-16,"1713",1200,100
2025-11-16,"716",0,0
2025-11-16,"1615",0,0
2025-11-16,"513",0,0
2025-11-16,"515",0,0
2025-11-16,"1600",0,0
2025-11-19,"310",0,0
2025-11-19,"814",0,0
2025-11-19,"1713",1200,100
2025-11-19,"716",1200,100
2025-11-19,"1615",0,0
2025-11-19,"513",0,0
2025-11-19,"515",0,0
2025-11-19,"1600",0,0
2025-11-23,"310",0,0
2025-11-23,"814",0,0
2025-11-23,"1713",0,0
2025-11-23,"716",0,0
2025-11-23,"1615",1200,100
2025-11-23,"513",0,0
2025-11-23,"515",0,0
2025-11-23,"1600",1200,100
2025-11-24,"310",0,0
2025-11-24,"814",1200,100
2025-11-24,"1713",1200,100
2025-11-24,"716",0,0
2025-11-24,"1615",0,0
2025-11-24,"513",1200,100
2025-11-24,"515",0,0
2025-11-24,"1600",0,0
2025-11-29,"310",0,0
2025-11-29,"814",1200,100
2025-11-29,"1713",1200,100
2025-11-29,"716",0,0
2025-11-29,"1615",0,0
2025-11-29,"513",0,0
2025-11-29,"515",0,0
2025-11-29,"1600",0,0
2025-11-30,"310",0,0
2025-11-30,"814",0,0
2025-11-30,"1713",0,0
2025-11-30,"716",0,0
2025-11-30,"1615",1200,0
2025-11-30,"513",1200,100
2025-11-30,"515",0,0
2025-11-30,"1600",0,0
2025-12-01,"310",0,0
2025-12-01,"814",0,0
2025-12-01,"1713",0,0
2025-12-01,"716",1200,100
2025-12-01,"1615",0,0
2025-12-01,"513",0,0
2025-12-01,"515",0,0
2025-12-01,"1600",0,0
2025-12-03,"310",0,0
2025-12-03,"814",0,0
2025-12-03,"1713",1200,100
2025-12-03,"716",0,0
2025-12-03,"1615",0,0
2025-12-03,"513",0,0
2025-12-03,"515",1200,100
2025-12-03,"1600",0,0
2025-12-05,"310",0,0
2025-12-05,"814",0,0
2025-12-05,"1713",0,0
2025-12-05,"716",0,0
2025-12-05,"1615",1200,100
2025-12-05,"513",0,0
2025-12-05,"515",0,0
2025-12-05,"1600",0,0
2025-12-06,"310",0,0
2025-12-06,"814",1200,100
2025-12-06,"1713",0,0
2025-12-06,"716",0,100
2025-12-06,"1615",0,0
2025-12-06,"513",0,0
2025-12-06,"515",0,0
2025-12-06,"1600",1200,100
2025-12-07,"310",0,0
2025-12-07,"814",0,0
2025-12-07,"1713",0,0
2025-12-07,"716",0,0
2025-12-07,"1615",0,0
2025-12-07,"513",0,0
2025-12-07,"515",1200,100
2025-12-07,"1600",0,0
2025-12-08,"310",0,0
2025-12-08,"814",0,0
2025-12-08,"1713",0,0
2025-12-08,"716",0,0
2025-12-08,"1615",0,0
2025-12-08,"513",1200,100
2025-12-08,"515",0,0
2025-12-08,"1600",0,0
2025-12-13,"310",0,0
2025-12-13,"814",0,0
2025-12-13,"1713",1200,100
2025-12-13,"716",0,0
2025-12-13,"1615",0,0
2025-12-13,"513",0,0
2025-12-13,"515",0,0
2025-12-13,"1600",0,0
2025-12-14,"310",0,0
2025-12-14,"814",0,0
2025-12-14,"1713",0,0
2025-12-14,"716",1200,0
2025-12-14,"1615",0,0
2025-12-14,"513",1200,100
2025-12-14,"515",0,0
2025-12-14,"1600",0,0
2025-12-15,"310",0,0
2025-12-15,"814",1200,0
2025-12-15,"1713",0,0
2025-12-15,"716",0,0
2025-12-15,"1615",0,0
2025-12-15,"513",0,0
2025-12-15,"515",0,0
2025-12-15,"1600",1200,100
2025-12-19,"310",0,0
2025-12-19,"814",0,0
2025-12-19,"1713",0,0
2025-12-19,"716",0,0
2025-12-19,"1615",1200,100
2025-12-19,"513",0,0
2025-12-19,"515",0,0
2025-12-19,"1600",0,0
2025-12-21,"310",0,0
2025-12-21,"814",1200,100
2025-12-21,"1713",0,0
2025-12-21,"716",0,0
2025-12-21,"1615",0,0
2025-12-21,"513",0,0
2025-12-21,"515",0,0
2025-12-21,"1600",0,0
2025-12-22,"310",0,NA
2025-12-22,"814",0,NA
2025-12-22,"1713",1200,NA
2025-12-22,"716",0,NA
2025-12-22,"1615",0,NA
2025-12-22,"513",0,NA
2025-12-22,"515",0,NA
2025-12-22,"1600",0,NA
2025-12-23,"310",0,0
2025-12-23,"814",0,0
2025-12-23,"1713",0,0
2025-12-23,"716",0,0
2025-12-23,"1615",0,100
2025-12-23,"513",0,0
2025-12-23,"515",1200,100
2025-12-23,"1600",0,0
2025-12-24,"310",0,0
2025-12-24,"814",0,0
2025-12-24,"1713",0,0
2025-12-24,"716",0,0
2025-12-24,"1615",0,0
2025-12-24,"513",1200,100
2025-12-24,"515",0,0
2025-12-24,"1600",0,0
2025-12-25,"310",0,0
2025-12-25,"814",0,0
2025-12-25,"1713",0,0
2025-12-25,"716",1200,100
2025-12-25,"1615",0,0
2025-12-25,"513",0,0
2025-12-25,"515",0,0
2025-12-25,"1600",0,0
2025-12-28,"310",0,0
2025-12-28,"814",1200,100
2025-12-28,"1713",1200,100
2025-12-28,"716",0,0
2025-12-28,"1615",1200,0
2025-12-28,"513",0,0
2025-12-28,"515",1200,100
2025-12-28,"1600",1200,100
2025-12-29,"310",0,0
2025-12-29,"814",0,0
2025-12-29,"1713",0,0
2025-12-29,"716",0,0
2025-12-29,"1615",0,0
2025-12-29,"513",1200,100
2025-12-29,"515",0,0
2025-12-29,"1600",0,0
2026-01-01,"310",0,0
2026-01-01,"814",0,0
2026-01-01,"1713",0,0
2026-01-01,"716",0,0
2026-01-01,"1615",0,0
2026-01-01,"513",0,0
2026-01-01,"515",1200,100
2026-01-01,"1600",0,0
2026-01-02,"310",0,0
2026-01-02,"814",1200,100
2026-01-02,"1713",1200,100
2026-01-02,"716",0,0
2026-01-02,"1615",0,0
2026-01-02,"513",1200,100
2026-01-02,"515",0,0
2026-01-02,"1600",0,0
2026-01-06,"310",0,0
2026-01-06,"814",0,0
2026-01-06,"1713",0,0
2026-01-06,"716",0,0
2026-01-06,"1615",0,0
2026-01-06,"513",1200,100
2026-01-06,"515",0,0
2026-01-06,"1600",0,0
2026-01-07,"310",0,0
2026-01-07,"814",1200,100
2026-01-07,"1713",1200,100
2026-01-07,"716",0,0
2026-01-07,"1615",0,0
2026-01-07,"513",0,0
2026-01-07,"515",0,0
2026-01-07,"1600",0,0
2026-01-09,"310",0,0
2026-01-09,"814",0,0
2026-01-09,"1713",0,0
2026-01-09,"716",0,0
2026-01-09,"1615",0,0
2026-01-09,"513",0,0
2026-01-09,"515",0,0
2026-01-09,"1600",1200,100
2026-01-17,"310",0,0
2026-01-17,"814",1200,100
2026-01-17,"1713",0,0
2026-01-17,"716",0,0
2026-01-17,"1615",0,0
2026-01-17,"513",0,0
2026-01-17,"515",0,0
2026-01-17,"1600",0,100
2026-01-27,"310",0,NA
2026-01-27,"814",0,NA
2026-01-27,"1713",0,NA
2026-01-27,"716",0,NA
2026-01-27,"1615",0,NA
2026-01-27,"513",1200,NA
2026-01-27,"515",0,NA
2026-01-27,"1600",0,NA
2026-01-28,"310",0,NA
2026-01-28,"814",1200,NA
2026-01-28,"1713",0,NA
2026-01-28,"716",0,NA
2026-01-28,"1615",0,NA
2026-01-28,"513",0,NA
2026-01-28,"515",0,NA
2026-01-28,"1600",0,NA
2026-02-07,"310",0,NA
2026-02-07,"814",0,NA
2026-02-07,"1713",0,NA
2026-02-07,"716",0,NA
2026-02-07,"1615",0,NA
2026-02-07,"513",0,NA
2026-02-07,"515",0,NA
2026-02-07,"1600",1200,NA
2026-02-08,"310",0,NA
2026-02-08,"814",0,NA
2026-02-08,"1713",0,NA
2026-02-08,"716",0,NA
2026-02-08,"1615",0,NA
2026-02-08,"513",0,NA
2026-02-08,"515",1200,NA
2026-02-08,"1600",0,NA
2026-02-23,"310",0,0
2026-02-23,"814",0,0
2026-02-23,"1713",0,0
2026-02-23,"716",0,0
2026-02-23,"1615",0,0
2026-02-23,"513",0,0
2026-02-23,"515",0,0
2026-02-23,"1600",1200,100
2026-03-14,"310",0,NA
2026-03-14,"814",0,NA
2026-03-14,"1713",0,NA
2026-03-14,"716",0,NA
2026-03-14,"1615",0,NA
2026-03-14,"513",0,NA
2026-03-14,"515",0,NA
2026-03-14,"1600",1200,NA
2026-03-21,"310",0,0
2026-03-21,"814",0,0
2026-03-21,"1713",0,0
2026-03-21,"716",0,0
2026-03-21,"1615",0,0
2026-03-21,"513",0,0
2026-03-21,"515",0,0
2026-03-21,"1600",1200,100
2026-04-06,"310",0,NA
2026-04-06,"814",0,NA
2026-04-06,"1713",0,NA
2026-04-06,"716",0,NA
2026-04-06,"1615",0,NA
2026-04-06,"513",0,NA
2026-04-06,"515",0,NA
2026-04-06,"1600",1200,NA
2025-05-15,"310",NA,0
2025-05-15,"814",NA,0
2025-05-15,"1713",NA,0
2025-05-15,"716",NA,100
2025-05-15,"1615",NA,0
2025-05-15,"513",NA,0
2025-05-15,"515",NA,0
2025-05-15,"1600",NA,0
2025-05-31,"310",NA,0
2025-05-31,"814",NA,0
2025-05-31,"1713",NA,0
2025-05-31,"716",NA,0
2025-05-31,"1615",NA,0
2025-05-31,"513",NA,0
2025-05-31,"515",NA,100
2025-05-31,"1600",NA,0
2025-07-23,"310",NA,0
2025-07-23,"814",NA,0
2025-07-23,"1713",NA,0
2025-07-23,"716",NA,0
2025-07-23,"1615",NA,100
2025-07-23,"513",NA,0
2025-07-23,"515",NA,0
2025-07-23,"1600",NA,0
2025-08-02,"310",NA,0
2025-08-02,"814",NA,0
2025-08-02,"1713",NA,100
2025-08-02,"716",NA,0
2025-08-02,"1615",NA,0
2025-08-02,"513",NA,0
2025-08-02,"515",NA,0
2025-08-02,"1600",NA,0
2025-09-17,"310",NA,0
2025-09-17,"814",NA,0
2025-09-17,"1713",NA,100
2025-09-17,"716",NA,0
2025-09-17,"1615",NA,0
2025-09-17,"513",NA,0
2025-09-17,"515",NA,0
2025-09-17,"1600",NA,0
2025-09-30,"310",NA,0
2025-09-30,"814",NA,0
2025-09-30,"1713",NA,0
2025-09-30,"716",NA,0
2025-09-30,"1615",NA,0
2025-09-30,"513",NA,0
2025-09-30,"515",NA,0
2025-09-30,"1600",NA,100
2025-10-02,"310",NA,0
2025-10-02,"814",NA,100
2025-10-02,"1713",NA,0
2025-10-02,"716",NA,0
2025-10-02,"1615",NA,0
2025-10-02,"513",NA,0
2025-10-02,"515",NA,0
2025-10-02,"1600",NA,0
2025-10-30,"310",NA,0
2025-10-30,"814",NA,0
2025-10-30,"1713",NA,100
2025-10-30,"716",NA,0
2025-10-30,"1615",NA,0
2025-10-30,"513",NA,0
2025-10-30,"515",NA,0
2025-10-30,"1600",NA,0
2025-11-07,"310",NA,0
2025-11-07,"814",NA,0
2025-11-07,"1713",NA,0
2025-11-07,"716",NA,0
2025-11-07,"1615",NA,0
2025-11-07,"513",NA,100
2025-11-07,"515",NA,0
2025-11-07,"1600",NA,0
2025-11-26,"310",NA,0
2025-11-26,"814",NA,0
2025-11-26,"1713",NA,0
2025-11-26,"716",NA,0
2025-11-26,"1615",NA,100
2025-11-26,"513",NA,0
2025-11-26,"515",NA,0
2025-11-26,"1600",NA,0
2025-12-10,"310",NA,0
2025-12-10,"814",NA,100
2025-12-10,"1713",NA,0
2025-12-10,"716",NA,0
2025-12-10,"1615",NA,0
2025-12-10,"513",NA,0
2025-12-10,"515",NA,0
2025-12-10,"1600",NA,0
2025-12-18,"310",NA,0
2025-12-18,"814",NA,0
2025-12-18,"1713",NA,100
2025-12-18,"716",NA,0
2025-12-18,"1615",NA,0
2025-12-18,"513",NA,0
2025-12-18,"515",NA,0
2025-12-18,"1600",NA,0
2026-01-21,"310",NA,0
2026-01-21,"814",NA,0
2026-01-21,"1713",NA,0
2026-01-21,"716",NA,0
2026-01-21,"1615",NA,0
2026-01-21,"513",NA,100
2026-01-21,"515",NA,0
2026-01-21,"1600",NA,0
2026-01-22,"310",NA,0
2026-01-22,"814",NA,100
2026-01-22,"1713",NA,0
2026-01-22,"716",NA,0
2026-01-22,"1615",NA,0
2026-01-22,"513",NA,0
2026-01-22,"515",NA,0
2026-01-22,"1600",NA,0
2026-01-25,"310",NA,0
2026-01-25,"814",NA,0
2026-01-25,"1713",NA,0
2026-01-25,"716",NA,0
2026-01-25,"1615",NA,0
2026-01-25,"513",NA,0
2026-01-25,"515",NA,100
2026-01-25,"1600",NA,0
2026-02-26,"310",NA,0
2026-02-26,"814",NA,0
2026-02-26,"1713",NA,0
2026-02-26,"716",NA,0
2026-02-26,"1615",NA,0
2026-02-26,"513",NA,0
2026-02-26,"515",NA,0
2026-02-26,"1600",NA,100
2026-03-25,"310",NA,0
2026-03-25,"814",NA,0
2026-03-25,"1713",NA,0
2026-03-25,"716",NA,0
2026-03-25,"1615",NA,0
2026-03-25,"513",NA,0
2026-03-25,"515",NA,0
2026-03-25,"1600",NA,100
